short\long,thunder_mountain,inside_car_wash,peru_new_year_fireworks,efteling_steam_train,helicopter_takeoff,scuba_bubbles,building_demolition,finnish_blacksmith,cattle_auction,ferry_alarm,flooded_mine,cappuccino_process,tennis_match,chainsaw_cycle,near_foghorn,barcelona_gate_pa,delhi_subway_cycle,hockey_goal,ambulance_siren,woodshop_process,tractor_turning_hay,hail_thunder,marielle_protest,hair_salon_tools
gamelan_court,wav/01_gamelan_court__25_thunder_mountain.wav,wav/01_gamelan_court__26_inside_car_wash.wav,wav/01_gamelan_court__27_peru_new_year_fireworks.wav,wav/01_gamelan_court__28_efteling_steam_train.wav,wav/01_gamelan_court__29_helicopter_takeoff.wav,wav/01_gamelan_court__30_scuba_bubbles.wav,wav/01_gamelan_court__31_building_demolition.wav,wav/01_gamelan_court__32_finnish_blacksmith.wav,wav/01_gamelan_court__33_cattle_auction.wav,wav/01_gamelan_court__34_ferry_alarm.wav,wav/01_gamelan_court__35_flooded_mine.wav,wav/01_gamelan_court__36_cappuccino_process.wav,wav/01_gamelan_court__37_tennis_match.wav,wav/01_gamelan_court__38_chainsaw_cycle.wav,wav/01_gamelan_court__39_near_foghorn.wav,wav/01_gamelan_court__40_barcelona_gate_pa.wav,wav/01_gamelan_court__41_delhi_subway_cycle.wav,wav/01_gamelan_court__42_hockey_goal.wav,wav/01_gamelan_court__43_ambulance_siren.wav,wav/01_gamelan_court__44_woodshop_process.wav,wav/01_gamelan_court__45_tractor_turning_hay.wav,wav/01_gamelan_court__46_hail_thunder.wav,wav/01_gamelan_court__47_marielle_protest.wav,wav/01_gamelan_court__48_hair_salon_tools.wav
montreal_bagpipe_parade,wav/02_montreal_bagpipe_parade__25_thunder_mountain.wav,wav/02_montreal_bagpipe_parade__26_inside_car_wash.wav,wav/02_montreal_bagpipe_parade__27_peru_new_year_fireworks.wav,wav/02_montreal_bagpipe_parade__28_efteling_steam_train.wav,wav/02_montreal_bagpipe_parade__29_helicopter_takeoff.wav,wav/02_montreal_bagpipe_parade__30_scuba_bubbles.wav,wav/02_montreal_bagpipe_parade__31_building_demolition.wav,wav/02_montreal_bagpipe_parade__32_finnish_blacksmith.wav,wav/02_montreal_bagpipe_parade__33_cattle_auction.wav,wav/02_montreal_bagpipe_parade__34_ferry_alarm.wav,wav/02_montreal_bagpipe_parade__35_flooded_mine.wav,wav/02_montreal_bagpipe_parade__36_cappuccino_process.wav,wav/02_montreal_bagpipe_parade__37_tennis_match.wav,wav/02_montreal_bagpipe_parade__38_chainsaw_cycle.wav,wav/02_montreal_bagpipe_parade__39_near_foghorn.wav,wav/02_montreal_bagpipe_parade__40_barcelona_gate_pa.wav,wav/02_montreal_bagpipe_parade__41_delhi_subway_cycle.wav,wav/02_montreal_bagpipe_parade__42_hockey_goal.wav,wav/02_montreal_bagpipe_parade__43_ambulance_siren.wav,wav/02_montreal_bagpipe_parade__44_woodshop_process.wav,wav/02_montreal_bagpipe_parade__45_tractor_turning_hay.wav,wav/02_montreal_bagpipe_parade__46_hail_thunder.wav,wav/02_montreal_bagpipe_parade__47_marielle_protest.wav,wav/02_montreal_bagpipe_parade__48_hair_salon_tools.wav
taiko_drummers,wav/03_taiko_drummers__25_thunder_mountain.wav,wav/03_taiko_drummers__26_inside_car_wash.wav,wav/03_taiko_drummers__27_peru_new_year_fireworks.wav,wav/03_taiko_drummers__28_efteling_steam_train.wav,wav/03_taiko_drummers__29_helicopter_takeoff.wav,wav/03_taiko_drummers__30_scuba_bubbles.wav,wav/03_taiko_drummers__31_building_demolition.wav,wav/03_taiko_drummers__32_finnish_blacksmith.wav,wav/03_taiko_drummers__33_cattle_auction.wav,wav/03_taiko_drummers__34_ferry_alarm.wav,wav/03_taiko_drummers__35_flooded_mine.wav,wav/03_taiko_drummers__36_cappuccino_process.wav,wav/03_taiko_drummers__37_tennis_match.wav,wav/03_taiko_drummers__38_chainsaw_cycle.wav,wav/03_taiko_drummers__39_near_foghorn.wav,wav/03_taiko_drummers__40_barcelona_gate_pa.wav,wav/03_taiko_drummers__41_delhi_subway_cycle.wav,wav/03_taiko_drummers__42_hockey_goal.wav,wav/03_taiko_drummers__43_ambulance_siren.wav,wav/03_taiko_drummers__44_woodshop_process.wav,wav/03_taiko_drummers__45_tractor_turning_hay.wav,wav/03_taiko_drummers__46_hail_thunder.wav,wav/03_taiko_drummers__47_marielle_protest.wav,wav/03_taiko_drummers__48_hair_salon_tools.wav
tabla_percussion,wav/04_tabla_percussion__25_thunder_mountain.wav,wav/04_tabla_percussion__26_inside_car_wash.wav,wav/04_tabla_percussion__27_peru_new_year_fireworks.wav,wav/04_tabla_percussion__28_efteling_steam_train.wav,wav/04_tabla_percussion__29_helicopter_takeoff.wav,wav/04_tabla_percussion__30_scuba_bubbles.wav,wav/04_tabla_percussion__31_building_demolition.wav,wav/04_tabla_percussion__32_finnish_blacksmith.wav,wav/04_tabla_percussion__33_cattle_auction.wav,wav/04_tabla_percussion__34_ferry_alarm.wav,wav/04_tabla_percussion__35_flooded_mine.wav,wav/04_tabla_percussion__36_cappuccino_process.wav,wav/04_tabla_percussion__37_tennis_match.wav,wav/04_tabla_percussion__38_chainsaw_cycle.wav,wav/04_tabla_percussion__39_near_foghorn.wav,wav/04_tabla_percussion__40_barcelona_gate_pa.wav,wav/04_tabla_percussion__41_delhi_subway_cycle.wav,wav/04_tabla_percussion__42_hockey_goal.wav,wav/04_tabla_percussion__43_ambulance_siren.wav,wav/04_tabla_percussion__44_woodshop_process.wav,wav/04_tabla_percussion__45_tractor_turning_hay.wav,wav/04_tabla_percussion__46_hail_thunder.wav,wav/04_tabla_percussion__47_marielle_protest.wav,wav/04_tabla_percussion__48_hair_salon_tools.wav
cello_improvisation,wav/05_cello_improvisation__25_thunder_mountain.wav,wav/05_cello_improvisation__26_inside_car_wash.wav,wav/05_cello_improvisation__27_peru_new_year_fireworks.wav,wav/05_cello_improvisation__28_efteling_steam_train.wav,wav/05_cello_improvisation__29_helicopter_takeoff.wav,wav/05_cello_improvisation__30_scuba_bubbles.wav,wav/05_cello_improvisation__31_building_demolition.wav,wav/05_cello_improvisation__32_finnish_blacksmith.wav,wav/05_cello_improvisation__33_cattle_auction.wav,wav/05_cello_improvisation__34_ferry_alarm.wav,wav/05_cello_improvisation__35_flooded_mine.wav,wav/05_cello_improvisation__36_cappuccino_process.wav,wav/05_cello_improvisation__37_tennis_match.wav,wav/05_cello_improvisation__38_chainsaw_cycle.wav,wav/05_cello_improvisation__39_near_foghorn.wav,wav/05_cello_improvisation__40_barcelona_gate_pa.wav,wav/05_cello_improvisation__41_delhi_subway_cycle.wav,wav/05_cello_improvisation__42_hockey_goal.wav,wav/05_cello_improvisation__43_ambulance_siren.wav,wav/05_cello_improvisation__44_woodshop_process.wav,wav/05_cello_improvisation__45_tractor_turning_hay.wav,wav/05_cello_improvisation__46_hail_thunder.wav,wav/05_cello_improvisation__47_marielle_protest.wav,wav/05_cello_improvisation__48_hair_salon_tools.wav
toy_piano_breakdown,wav/06_toy_piano_breakdown__25_thunder_mountain.wav,wav/06_toy_piano_breakdown__26_inside_car_wash.wav,wav/06_toy_piano_breakdown__27_peru_new_year_fireworks.wav,wav/06_toy_piano_breakdown__28_efteling_steam_train.wav,wav/06_toy_piano_breakdown__29_helicopter_takeoff.wav,wav/06_toy_piano_breakdown__30_scuba_bubbles.wav,wav/06_toy_piano_breakdown__31_building_demolition.wav,wav/06_toy_piano_breakdown__32_finnish_blacksmith.wav,wav/06_toy_piano_breakdown__33_cattle_auction.wav,wav/06_toy_piano_breakdown__34_ferry_alarm.wav,wav/06_toy_piano_breakdown__35_flooded_mine.wav,wav/06_toy_piano_breakdown__36_cappuccino_process.wav,wav/06_toy_piano_breakdown__37_tennis_match.wav,wav/06_toy_piano_breakdown__38_chainsaw_cycle.wav,wav/06_toy_piano_breakdown__39_near_foghorn.wav,wav/06_toy_piano_breakdown__40_barcelona_gate_pa.wav,wav/06_toy_piano_breakdown__41_delhi_subway_cycle.wav,wav/06_toy_piano_breakdown__42_hockey_goal.wav,wav/06_toy_piano_breakdown__43_ambulance_siren.wav,wav/06_toy_piano_breakdown__44_woodshop_process.wav,wav/06_toy_piano_breakdown__45_tractor_turning_hay.wav,wav/06_toy_piano_breakdown__46_hail_thunder.wav,wav/06_toy_piano_breakdown__47_marielle_protest.wav,wav/06_toy_piano_breakdown__48_hair_salon_tools.wav
doepfer_random_melody,wav/07_doepfer_random_melody__25_thunder_mountain.wav,wav/07_doepfer_random_melody__26_inside_car_wash.wav,wav/07_doepfer_random_melody__27_peru_new_year_fireworks.wav,wav/07_doepfer_random_melody__28_efteling_steam_train.wav,wav/07_doepfer_random_melody__29_helicopter_takeoff.wav,wav/07_doepfer_random_melody__30_scuba_bubbles.wav,wav/07_doepfer_random_melody__31_building_demolition.wav,wav/07_doepfer_random_melody__32_finnish_blacksmith.wav,wav/07_doepfer_random_melody__33_cattle_auction.wav,wav/07_doepfer_random_melody__34_ferry_alarm.wav,wav/07_doepfer_random_melody__35_flooded_mine.wav,wav/07_doepfer_random_melody__36_cappuccino_process.wav,wav/07_doepfer_random_melody__37_tennis_match.wav,wav/07_doepfer_random_melody__38_chainsaw_cycle.wav,wav/07_doepfer_random_melody__39_near_foghorn.wav,wav/07_doepfer_random_melody__40_barcelona_gate_pa.wav,wav/07_doepfer_random_melody__41_delhi_subway_cycle.wav,wav/07_doepfer_random_melody__42_hockey_goal.wav,wav/07_doepfer_random_melody__43_ambulance_siren.wav,wav/07_doepfer_random_melody__44_woodshop_process.wav,wav/07_doepfer_random_melody__45_tractor_turning_hay.wav,wav/07_doepfer_random_melody__46_hail_thunder.wav,wav/07_doepfer_random_melody__47_marielle_protest.wav,wav/07_doepfer_random_melody__48_hair_salon_tools.wav
astana_brass_band,wav/08_astana_brass_band__25_thunder_mountain.wav,wav/08_astana_brass_band__26_inside_car_wash.wav,wav/08_astana_brass_band__27_peru_new_year_fireworks.wav,wav/08_astana_brass_band__28_efteling_steam_train.wav,wav/08_astana_brass_band__29_helicopter_takeoff.wav,wav/08_astana_brass_band__30_scuba_bubbles.wav,wav/08_astana_brass_band__31_building_demolition.wav,wav/08_astana_brass_band__32_finnish_blacksmith.wav,wav/08_astana_brass_band__33_cattle_auction.wav,wav/08_astana_brass_band__34_ferry_alarm.wav,wav/08_astana_brass_band__35_flooded_mine.wav,wav/08_astana_brass_band__36_cappuccino_process.wav,wav/08_astana_brass_band__37_tennis_match.wav,wav/08_astana_brass_band__38_chainsaw_cycle.wav,wav/08_astana_brass_band__39_near_foghorn.wav,wav/08_astana_brass_band__40_barcelona_gate_pa.wav,wav/08_astana_brass_band__41_delhi_subway_cycle.wav,wav/08_astana_brass_band__42_hockey_goal.wav,wav/08_astana_brass_band__43_ambulance_siren.wav,wav/08_astana_brass_band__44_woodshop_process.wav,wav/08_astana_brass_band__45_tractor_turning_hay.wav,wav/08_astana_brass_band__46_hail_thunder.wav,wav/08_astana_brass_band__47_marielle_protest.wav,wav/08_astana_brass_band__48_hair_salon_tools.wav
chopin_string_quartet,wav/09_chopin_string_quartet__25_thunder_mountain.wav,wav/09_chopin_string_quartet__26_inside_car_wash.wav,wav/09_chopin_string_quartet__27_peru_new_year_fireworks.wav,wav/09_chopin_string_quartet__28_efteling_steam_train.wav,wav/09_chopin_string_quartet__29_helicopter_takeoff.wav,wav/09_chopin_string_quartet__30_scuba_bubbles.wav,wav/09_chopin_string_quartet__31_building_demolition.wav,wav/09_chopin_string_quartet__32_finnish_blacksmith.wav,wav/09_chopin_string_quartet__33_cattle_auction.wav,wav/09_chopin_string_quartet__34_ferry_alarm.wav,wav/09_chopin_string_quartet__35_flooded_mine.wav,wav/09_chopin_string_quartet__36_cappuccino_process.wav,wav/09_chopin_string_quartet__37_tennis_match.wav,wav/09_chopin_string_quartet__38_chainsaw_cycle.wav,wav/09_chopin_string_quartet__39_near_foghorn.wav,wav/09_chopin_string_quartet__40_barcelona_gate_pa.wav,wav/09_chopin_string_quartet__41_delhi_subway_cycle.wav,wav/09_chopin_string_quartet__42_hockey_goal.wav,wav/09_chopin_string_quartet__43_ambulance_siren.wav,wav/09_chopin_string_quartet__44_woodshop_process.wav,wav/09_chopin_string_quartet__45_tractor_turning_hay.wav,wav/09_chopin_string_quartet__46_hail_thunder.wav,wav/09_chopin_string_quartet__47_marielle_protest.wav,wav/09_chopin_string_quartet__48_hair_salon_tools.wav
handpan_strikes,wav/10_handpan_strikes__25_thunder_mountain.wav,wav/10_handpan_strikes__26_inside_car_wash.wav,wav/10_handpan_strikes__27_peru_new_year_fireworks.wav,wav/10_handpan_strikes__28_efteling_steam_train.wav,wav/10_handpan_strikes__29_helicopter_takeoff.wav,wav/10_handpan_strikes__30_scuba_bubbles.wav,wav/10_handpan_strikes__31_building_demolition.wav,wav/10_handpan_strikes__32_finnish_blacksmith.wav,wav/10_handpan_strikes__33_cattle_auction.wav,wav/10_handpan_strikes__34_ferry_alarm.wav,wav/10_handpan_strikes__35_flooded_mine.wav,wav/10_handpan_strikes__36_cappuccino_process.wav,wav/10_handpan_strikes__37_tennis_match.wav,wav/10_handpan_strikes__38_chainsaw_cycle.wav,wav/10_handpan_strikes__39_near_foghorn.wav,wav/10_handpan_strikes__40_barcelona_gate_pa.wav,wav/10_handpan_strikes__41_delhi_subway_cycle.wav,wav/10_handpan_strikes__42_hockey_goal.wav,wav/10_handpan_strikes__43_ambulance_siren.wav,wav/10_handpan_strikes__44_woodshop_process.wav,wav/10_handpan_strikes__45_tractor_turning_hay.wav,wav/10_handpan_strikes__46_hail_thunder.wav,wav/10_handpan_strikes__47_marielle_protest.wav,wav/10_handpan_strikes__48_hair_salon_tools.wav
madrid_street_accordion,wav/11_madrid_street_accordion__25_thunder_mountain.wav,wav/11_madrid_street_accordion__26_inside_car_wash.wav,wav/11_madrid_street_accordion__27_peru_new_year_fireworks.wav,wav/11_madrid_street_accordion__28_efteling_steam_train.wav,wav/11_madrid_street_accordion__29_helicopter_takeoff.wav,wav/11_madrid_street_accordion__30_scuba_bubbles.wav,wav/11_madrid_street_accordion__31_building_demolition.wav,wav/11_madrid_street_accordion__32_finnish_blacksmith.wav,wav/11_madrid_street_accordion__33_cattle_auction.wav,wav/11_madrid_street_accordion__34_ferry_alarm.wav,wav/11_madrid_street_accordion__35_flooded_mine.wav,wav/11_madrid_street_accordion__36_cappuccino_process.wav,wav/11_madrid_street_accordion__37_tennis_match.wav,wav/11_madrid_street_accordion__38_chainsaw_cycle.wav,wav/11_madrid_street_accordion__39_near_foghorn.wav,wav/11_madrid_street_accordion__40_barcelona_gate_pa.wav,wav/11_madrid_street_accordion__41_delhi_subway_cycle.wav,wav/11_madrid_street_accordion__42_hockey_goal.wav,wav/11_madrid_street_accordion__43_ambulance_siren.wav,wav/11_madrid_street_accordion__44_woodshop_process.wav,wav/11_madrid_street_accordion__45_tractor_turning_hay.wav,wav/11_madrid_street_accordion__46_hail_thunder.wav,wav/11_madrid_street_accordion__47_marielle_protest.wav,wav/11_madrid_street_accordion__48_hair_salon_tools.wav
blues_harmonica,wav/12_blues_harmonica__25_thunder_mountain.wav,wav/12_blues_harmonica__26_inside_car_wash.wav,wav/12_blues_harmonica__27_peru_new_year_fireworks.wav,wav/12_blues_harmonica__28_efteling_steam_train.wav,wav/12_blues_harmonica__29_helicopter_takeoff.wav,wav/12_blues_harmonica__30_scuba_bubbles.wav,wav/12_blues_harmonica__31_building_demolition.wav,wav/12_blues_harmonica__32_finnish_blacksmith.wav,wav/12_blues_harmonica__33_cattle_auction.wav,wav/12_blues_harmonica__34_ferry_alarm.wav,wav/12_blues_harmonica__35_flooded_mine.wav,wav/12_blues_harmonica__36_cappuccino_process.wav,wav/12_blues_harmonica__37_tennis_match.wav,wav/12_blues_harmonica__38_chainsaw_cycle.wav,wav/12_blues_harmonica__39_near_foghorn.wav,wav/12_blues_harmonica__40_barcelona_gate_pa.wav,wav/12_blues_harmonica__41_delhi_subway_cycle.wav,wav/12_blues_harmonica__42_hockey_goal.wav,wav/12_blues_harmonica__43_ambulance_siren.wav,wav/12_blues_harmonica__44_woodshop_process.wav,wav/12_blues_harmonica__45_tractor_turning_hay.wav,wav/12_blues_harmonica__46_hail_thunder.wav,wav/12_blues_harmonica__47_marielle_protest.wav,wav/12_blues_harmonica__48_hair_salon_tools.wav
electric_mbira,wav/13_electric_mbira__25_thunder_mountain.wav,wav/13_electric_mbira__26_inside_car_wash.wav,wav/13_electric_mbira__27_peru_new_year_fireworks.wav,wav/13_electric_mbira__28_efteling_steam_train.wav,wav/13_electric_mbira__29_helicopter_takeoff.wav,wav/13_electric_mbira__30_scuba_bubbles.wav,wav/13_electric_mbira__31_building_demolition.wav,wav/13_electric_mbira__32_finnish_blacksmith.wav,wav/13_electric_mbira__33_cattle_auction.wav,wav/13_electric_mbira__34_ferry_alarm.wav,wav/13_electric_mbira__35_flooded_mine.wav,wav/13_electric_mbira__36_cappuccino_process.wav,wav/13_electric_mbira__37_tennis_match.wav,wav/13_electric_mbira__38_chainsaw_cycle.wav,wav/13_electric_mbira__39_near_foghorn.wav,wav/13_electric_mbira__40_barcelona_gate_pa.wav,wav/13_electric_mbira__41_delhi_subway_cycle.wav,wav/13_electric_mbira__42_hockey_goal.wav,wav/13_electric_mbira__43_ambulance_siren.wav,wav/13_electric_mbira__44_woodshop_process.wav,wav/13_electric_mbira__45_tractor_turning_hay.wav,wav/13_electric_mbira__46_hail_thunder.wav,wav/13_electric_mbira__47_marielle_protest.wav,wav/13_electric_mbira__48_hair_salon_tools.wav
didgeridoo_shaker_drum,wav/14_didgeridoo_shaker_drum__25_thunder_mountain.wav,wav/14_didgeridoo_shaker_drum__26_inside_car_wash.wav,wav/14_didgeridoo_shaker_drum__27_peru_new_year_fireworks.wav,wav/14_didgeridoo_shaker_drum__28_efteling_steam_train.wav,wav/14_didgeridoo_shaker_drum__29_helicopter_takeoff.wav,wav/14_didgeridoo_shaker_drum__30_scuba_bubbles.wav,wav/14_didgeridoo_shaker_drum__31_building_demolition.wav,wav/14_didgeridoo_shaker_drum__32_finnish_blacksmith.wav,wav/14_didgeridoo_shaker_drum__33_cattle_auction.wav,wav/14_didgeridoo_shaker_drum__34_ferry_alarm.wav,wav/14_didgeridoo_shaker_drum__35_flooded_mine.wav,wav/14_didgeridoo_shaker_drum__36_cappuccino_process.wav,wav/14_didgeridoo_shaker_drum__37_tennis_match.wav,wav/14_didgeridoo_shaker_drum__38_chainsaw_cycle.wav,wav/14_didgeridoo_shaker_drum__39_near_foghorn.wav,wav/14_didgeridoo_shaker_drum__40_barcelona_gate_pa.wav,wav/14_didgeridoo_shaker_drum__41_delhi_subway_cycle.wav,wav/14_didgeridoo_shaker_drum__42_hockey_goal.wav,wav/14_didgeridoo_shaker_drum__43_ambulance_siren.wav,wav/14_didgeridoo_shaker_drum__44_woodshop_process.wav,wav/14_didgeridoo_shaker_drum__45_tractor_turning_hay.wav,wav/14_didgeridoo_shaker_drum__46_hail_thunder.wav,wav/14_didgeridoo_shaker_drum__47_marielle_protest.wav,wav/14_didgeridoo_shaker_drum__48_hair_salon_tools.wav
opera_rehearsal,wav/15_opera_rehearsal__25_thunder_mountain.wav,wav/15_opera_rehearsal__26_inside_car_wash.wav,wav/15_opera_rehearsal__27_peru_new_year_fireworks.wav,wav/15_opera_rehearsal__28_efteling_steam_train.wav,wav/15_opera_rehearsal__29_helicopter_takeoff.wav,wav/15_opera_rehearsal__30_scuba_bubbles.wav,wav/15_opera_rehearsal__31_building_demolition.wav,wav/15_opera_rehearsal__32_finnish_blacksmith.wav,wav/15_opera_rehearsal__33_cattle_auction.wav,wav/15_opera_rehearsal__34_ferry_alarm.wav,wav/15_opera_rehearsal__35_flooded_mine.wav,wav/15_opera_rehearsal__36_cappuccino_process.wav,wav/15_opera_rehearsal__37_tennis_match.wav,wav/15_opera_rehearsal__38_chainsaw_cycle.wav,wav/15_opera_rehearsal__39_near_foghorn.wav,wav/15_opera_rehearsal__40_barcelona_gate_pa.wav,wav/15_opera_rehearsal__41_delhi_subway_cycle.wav,wav/15_opera_rehearsal__42_hockey_goal.wav,wav/15_opera_rehearsal__43_ambulance_siren.wav,wav/15_opera_rehearsal__44_woodshop_process.wav,wav/15_opera_rehearsal__45_tractor_turning_hay.wav,wav/15_opera_rehearsal__46_hail_thunder.wav,wav/15_opera_rehearsal__47_marielle_protest.wav,wav/15_opera_rehearsal__48_hair_salon_tools.wav
hamburg_church_bells,wav/16_hamburg_church_bells__25_thunder_mountain.wav,wav/16_hamburg_church_bells__26_inside_car_wash.wav,wav/16_hamburg_church_bells__27_peru_new_year_fireworks.wav,wav/16_hamburg_church_bells__28_efteling_steam_train.wav,wav/16_hamburg_church_bells__29_helicopter_takeoff.wav,wav/16_hamburg_church_bells__30_scuba_bubbles.wav,wav/16_hamburg_church_bells__31_building_demolition.wav,wav/16_hamburg_church_bells__32_finnish_blacksmith.wav,wav/16_hamburg_church_bells__33_cattle_auction.wav,wav/16_hamburg_church_bells__34_ferry_alarm.wav,wav/16_hamburg_church_bells__35_flooded_mine.wav,wav/16_hamburg_church_bells__36_cappuccino_process.wav,wav/16_hamburg_church_bells__37_tennis_match.wav,wav/16_hamburg_church_bells__38_chainsaw_cycle.wav,wav/16_hamburg_church_bells__39_near_foghorn.wav,wav/16_hamburg_church_bells__40_barcelona_gate_pa.wav,wav/16_hamburg_church_bells__41_delhi_subway_cycle.wav,wav/16_hamburg_church_bells__42_hockey_goal.wav,wav/16_hamburg_church_bells__43_ambulance_siren.wav,wav/16_hamburg_church_bells__44_woodshop_process.wav,wav/16_hamburg_church_bells__45_tractor_turning_hay.wav,wav/16_hamburg_church_bells__46_hail_thunder.wav,wav/16_hamburg_church_bells__47_marielle_protest.wav,wav/16_hamburg_church_bells__48_hair_salon_tools.wav
seoul_sanchon_drum,wav/17_seoul_sanchon_drum__25_thunder_mountain.wav,wav/17_seoul_sanchon_drum__26_inside_car_wash.wav,wav/17_seoul_sanchon_drum__27_peru_new_year_fireworks.wav,wav/17_seoul_sanchon_drum__28_efteling_steam_train.wav,wav/17_seoul_sanchon_drum__29_helicopter_takeoff.wav,wav/17_seoul_sanchon_drum__30_scuba_bubbles.wav,wav/17_seoul_sanchon_drum__31_building_demolition.wav,wav/17_seoul_sanchon_drum__32_finnish_blacksmith.wav,wav/17_seoul_sanchon_drum__33_cattle_auction.wav,wav/17_seoul_sanchon_drum__34_ferry_alarm.wav,wav/17_seoul_sanchon_drum__35_flooded_mine.wav,wav/17_seoul_sanchon_drum__36_cappuccino_process.wav,wav/17_seoul_sanchon_drum__37_tennis_match.wav,wav/17_seoul_sanchon_drum__38_chainsaw_cycle.wav,wav/17_seoul_sanchon_drum__39_near_foghorn.wav,wav/17_seoul_sanchon_drum__40_barcelona_gate_pa.wav,wav/17_seoul_sanchon_drum__41_delhi_subway_cycle.wav,wav/17_seoul_sanchon_drum__42_hockey_goal.wav,wav/17_seoul_sanchon_drum__43_ambulance_siren.wav,wav/17_seoul_sanchon_drum__44_woodshop_process.wav,wav/17_seoul_sanchon_drum__45_tractor_turning_hay.wav,wav/17_seoul_sanchon_drum__46_hail_thunder.wav,wav/17_seoul_sanchon_drum__47_marielle_protest.wav,wav/17_seoul_sanchon_drum__48_hair_salon_tools.wav
marching_band,wav/18_marching_band__25_thunder_mountain.wav,wav/18_marching_band__26_inside_car_wash.wav,wav/18_marching_band__27_peru_new_year_fireworks.wav,wav/18_marching_band__28_efteling_steam_train.wav,wav/18_marching_band__29_helicopter_takeoff.wav,wav/18_marching_band__30_scuba_bubbles.wav,wav/18_marching_band__31_building_demolition.wav,wav/18_marching_band__32_finnish_blacksmith.wav,wav/18_marching_band__33_cattle_auction.wav,wav/18_marching_band__34_ferry_alarm.wav,wav/18_marching_band__35_flooded_mine.wav,wav/18_marching_band__36_cappuccino_process.wav,wav/18_marching_band__37_tennis_match.wav,wav/18_marching_band__38_chainsaw_cycle.wav,wav/18_marching_band__39_near_foghorn.wav,wav/18_marching_band__40_barcelona_gate_pa.wav,wav/18_marching_band__41_delhi_subway_cycle.wav,wav/18_marching_band__42_hockey_goal.wav,wav/18_marching_band__43_ambulance_siren.wav,wav/18_marching_band__44_woodshop_process.wav,wav/18_marching_band__45_tractor_turning_hay.wav,wav/18_marching_band__46_hail_thunder.wav,wav/18_marching_band__47_marielle_protest.wav,wav/18_marching_band__48_hair_salon_tools.wav
big_band_warmup,wav/19_big_band_warmup__25_thunder_mountain.wav,wav/19_big_band_warmup__26_inside_car_wash.wav,wav/19_big_band_warmup__27_peru_new_year_fireworks.wav,wav/19_big_band_warmup__28_efteling_steam_train.wav,wav/19_big_band_warmup__29_helicopter_takeoff.wav,wav/19_big_band_warmup__30_scuba_bubbles.wav,wav/19_big_band_warmup__31_building_demolition.wav,wav/19_big_band_warmup__32_finnish_blacksmith.wav,wav/19_big_band_warmup__33_cattle_auction.wav,wav/19_big_band_warmup__34_ferry_alarm.wav,wav/19_big_band_warmup__35_flooded_mine.wav,wav/19_big_band_warmup__36_cappuccino_process.wav,wav/19_big_band_warmup__37_tennis_match.wav,wav/19_big_band_warmup__38_chainsaw_cycle.wav,wav/19_big_band_warmup__39_near_foghorn.wav,wav/19_big_band_warmup__40_barcelona_gate_pa.wav,wav/19_big_band_warmup__41_delhi_subway_cycle.wav,wav/19_big_band_warmup__42_hockey_goal.wav,wav/19_big_band_warmup__43_ambulance_siren.wav,wav/19_big_band_warmup__44_woodshop_process.wav,wav/19_big_band_warmup__45_tractor_turning_hay.wav,wav/19_big_band_warmup__46_hail_thunder.wav,wav/19_big_band_warmup__47_marielle_protest.wav,wav/19_big_band_warmup__48_hair_salon_tools.wav
spanish_guitar_improvisation,wav/20_spanish_guitar_improvisation__25_thunder_mountain.wav,wav/20_spanish_guitar_improvisation__26_inside_car_wash.wav,wav/20_spanish_guitar_improvisation__27_peru_new_year_fireworks.wav,wav/20_spanish_guitar_improvisation__28_efteling_steam_train.wav,wav/20_spanish_guitar_improvisation__29_helicopter_takeoff.wav,wav/20_spanish_guitar_improvisation__30_scuba_bubbles.wav,wav/20_spanish_guitar_improvisation__31_building_demolition.wav,wav/20_spanish_guitar_improvisation__32_finnish_blacksmith.wav,wav/20_spanish_guitar_improvisation__33_cattle_auction.wav,wav/20_spanish_guitar_improvisation__34_ferry_alarm.wav,wav/20_spanish_guitar_improvisation__35_flooded_mine.wav,wav/20_spanish_guitar_improvisation__36_cappuccino_process.wav,wav/20_spanish_guitar_improvisation__37_tennis_match.wav,wav/20_spanish_guitar_improvisation__38_chainsaw_cycle.wav,wav/20_spanish_guitar_improvisation__39_near_foghorn.wav,wav/20_spanish_guitar_improvisation__40_barcelona_gate_pa.wav,wav/20_spanish_guitar_improvisation__41_delhi_subway_cycle.wav,wav/20_spanish_guitar_improvisation__42_hockey_goal.wav,wav/20_spanish_guitar_improvisation__43_ambulance_siren.wav,wav/20_spanish_guitar_improvisation__44_woodshop_process.wav,wav/20_spanish_guitar_improvisation__45_tractor_turning_hay.wav,wav/20_spanish_guitar_improvisation__46_hail_thunder.wav,wav/20_spanish_guitar_improvisation__47_marielle_protest.wav,wav/20_spanish_guitar_improvisation__48_hair_salon_tools.wav
christe_choir,wav/21_christe_choir__25_thunder_mountain.wav,wav/21_christe_choir__26_inside_car_wash.wav,wav/21_christe_choir__27_peru_new_year_fireworks.wav,wav/21_christe_choir__28_efteling_steam_train.wav,wav/21_christe_choir__29_helicopter_takeoff.wav,wav/21_christe_choir__30_scuba_bubbles.wav,wav/21_christe_choir__31_building_demolition.wav,wav/21_christe_choir__32_finnish_blacksmith.wav,wav/21_christe_choir__33_cattle_auction.wav,wav/21_christe_choir__34_ferry_alarm.wav,wav/21_christe_choir__35_flooded_mine.wav,wav/21_christe_choir__36_cappuccino_process.wav,wav/21_christe_choir__37_tennis_match.wav,wav/21_christe_choir__38_chainsaw_cycle.wav,wav/21_christe_choir__39_near_foghorn.wav,wav/21_christe_choir__40_barcelona_gate_pa.wav,wav/21_christe_choir__41_delhi_subway_cycle.wav,wav/21_christe_choir__42_hockey_goal.wav,wav/21_christe_choir__43_ambulance_siren.wav,wav/21_christe_choir__44_woodshop_process.wav,wav/21_christe_choir__45_tractor_turning_hay.wav,wav/21_christe_choir__46_hail_thunder.wav,wav/21_christe_choir__47_marielle_protest.wav,wav/21_christe_choir__48_hair_salon_tools.wav
prospect_drum_circle,wav/22_prospect_drum_circle__25_thunder_mountain.wav,wav/22_prospect_drum_circle__26_inside_car_wash.wav,wav/22_prospect_drum_circle__27_peru_new_year_fireworks.wav,wav/22_prospect_drum_circle__28_efteling_steam_train.wav,wav/22_prospect_drum_circle__29_helicopter_takeoff.wav,wav/22_prospect_drum_circle__30_scuba_bubbles.wav,wav/22_prospect_drum_circle__31_building_demolition.wav,wav/22_prospect_drum_circle__32_finnish_blacksmith.wav,wav/22_prospect_drum_circle__33_cattle_auction.wav,wav/22_prospect_drum_circle__34_ferry_alarm.wav,wav/22_prospect_drum_circle__35_flooded_mine.wav,wav/22_prospect_drum_circle__36_cappuccino_process.wav,wav/22_prospect_drum_circle__37_tennis_match.wav,wav/22_prospect_drum_circle__38_chainsaw_cycle.wav,wav/22_prospect_drum_circle__39_near_foghorn.wav,wav/22_prospect_drum_circle__40_barcelona_gate_pa.wav,wav/22_prospect_drum_circle__41_delhi_subway_cycle.wav,wav/22_prospect_drum_circle__42_hockey_goal.wav,wav/22_prospect_drum_circle__43_ambulance_siren.wav,wav/22_prospect_drum_circle__44_woodshop_process.wav,wav/22_prospect_drum_circle__45_tractor_turning_hay.wav,wav/22_prospect_drum_circle__46_hail_thunder.wav,wav/22_prospect_drum_circle__47_marielle_protest.wav,wav/22_prospect_drum_circle__48_hair_salon_tools.wav
techno_loco,wav/23_techno_loco__25_thunder_mountain.wav,wav/23_techno_loco__26_inside_car_wash.wav,wav/23_techno_loco__27_peru_new_year_fireworks.wav,wav/23_techno_loco__28_efteling_steam_train.wav,wav/23_techno_loco__29_helicopter_takeoff.wav,wav/23_techno_loco__30_scuba_bubbles.wav,wav/23_techno_loco__31_building_demolition.wav,wav/23_techno_loco__32_finnish_blacksmith.wav,wav/23_techno_loco__33_cattle_auction.wav,wav/23_techno_loco__34_ferry_alarm.wav,wav/23_techno_loco__35_flooded_mine.wav,wav/23_techno_loco__36_cappuccino_process.wav,wav/23_techno_loco__37_tennis_match.wav,wav/23_techno_loco__38_chainsaw_cycle.wav,wav/23_techno_loco__39_near_foghorn.wav,wav/23_techno_loco__40_barcelona_gate_pa.wav,wav/23_techno_loco__41_delhi_subway_cycle.wav,wav/23_techno_loco__42_hockey_goal.wav,wav/23_techno_loco__43_ambulance_siren.wav,wav/23_techno_loco__44_woodshop_process.wav,wav/23_techno_loco__45_tractor_turning_hay.wav,wav/23_techno_loco__46_hail_thunder.wav,wav/23_techno_loco__47_marielle_protest.wav,wav/23_techno_loco__48_hair_salon_tools.wav
gifu_pipe_organ,wav/24_gifu_pipe_organ__25_thunder_mountain.wav,wav/24_gifu_pipe_organ__26_inside_car_wash.wav,wav/24_gifu_pipe_organ__27_peru_new_year_fireworks.wav,wav/24_gifu_pipe_organ__28_efteling_steam_train.wav,wav/24_gifu_pipe_organ__29_helicopter_takeoff.wav,wav/24_gifu_pipe_organ__30_scuba_bubbles.wav,wav/24_gifu_pipe_organ__31_building_demolition.wav,wav/24_gifu_pipe_organ__32_finnish_blacksmith.wav,wav/24_gifu_pipe_organ__33_cattle_auction.wav,wav/24_gifu_pipe_organ__34_ferry_alarm.wav,wav/24_gifu_pipe_organ__35_flooded_mine.wav,wav/24_gifu_pipe_organ__36_cappuccino_process.wav,wav/24_gifu_pipe_organ__37_tennis_match.wav,wav/24_gifu_pipe_organ__38_chainsaw_cycle.wav,wav/24_gifu_pipe_organ__39_near_foghorn.wav,wav/24_gifu_pipe_organ__40_barcelona_gate_pa.wav,wav/24_gifu_pipe_organ__41_delhi_subway_cycle.wav,wav/24_gifu_pipe_organ__42_hockey_goal.wav,wav/24_gifu_pipe_organ__43_ambulance_siren.wav,wav/24_gifu_pipe_organ__44_woodshop_process.wav,wav/24_gifu_pipe_organ__45_tractor_turning_hay.wav,wav/24_gifu_pipe_organ__46_hail_thunder.wav,wav/24_gifu_pipe_organ__47_marielle_protest.wav,wav/24_gifu_pipe_organ__48_hair_salon_tools.wav
