index,pair,path,input_frames,start_frame,start_seconds,incoming_crossfade_frames,incoming_crossfade_seconds
1,01-25,wav/01_gamelan_court__25_thunder_mountain.wav,1727999,0,0.0,0,0.0
2,01-26,wav/01_gamelan_court__26_inside_car_wash.wav,1727999,1247999,25.999979166666666,480000,10.0
3,01-27,wav/01_gamelan_court__27_peru_new_year_fireworks.wav,1727999,2495998,51.99995833333333,480000,10.0
4,01-28,wav/01_gamelan_court__28_efteling_steam_train.wav,1727999,3743997,77.9999375,480000,10.0
5,01-29,wav/01_gamelan_court__29_helicopter_takeoff.wav,1727999,4991996,103.99991666666666,480000,10.0
6,01-30,wav/01_gamelan_court__30_scuba_bubbles.wav,1727999,6239995,129.99989583333334,480000,10.0
7,01-31,wav/01_gamelan_court__31_building_demolition.wav,1727999,7487994,155.999875,480000,10.0
8,01-32,wav/01_gamelan_court__32_finnish_blacksmith.wav,1727999,8735993,181.99985416666667,480000,10.0
9,01-33,wav/01_gamelan_court__33_cattle_auction.wav,1727999,9983992,207.99983333333333,480000,10.0
10,01-34,wav/01_gamelan_court__34_ferry_alarm.wav,1727999,11231991,233.9998125,480000,10.0
11,01-35,wav/01_gamelan_court__35_flooded_mine.wav,1727999,12479990,259.9997916666667,480000,10.0
12,01-36,wav/01_gamelan_court__36_cappuccino_process.wav,1727999,13727989,285.99977083333334,480000,10.0
13,01-37,wav/01_gamelan_court__37_tennis_match.wav,1727999,14975988,311.99975,480000,10.0
14,01-38,wav/01_gamelan_court__38_chainsaw_cycle.wav,1727999,16223987,337.99972916666667,480000,10.0
15,01-39,wav/01_gamelan_court__39_near_foghorn.wav,1727999,17471986,363.99970833333333,480000,10.0
16,01-40,wav/01_gamelan_court__40_barcelona_gate_pa.wav,1727999,18719985,389.9996875,480000,10.0
17,01-41,wav/01_gamelan_court__41_delhi_subway_cycle.wav,1727999,19967984,415.99966666666666,480000,10.0
18,01-42,wav/01_gamelan_court__42_hockey_goal.wav,1727999,21215983,441.9996458333333,480000,10.0
19,01-43,wav/01_gamelan_court__43_ambulance_siren.wav,1727999,22463982,467.999625,480000,10.0
20,01-44,wav/01_gamelan_court__44_woodshop_process.wav,1727999,23711981,493.99960416666664,480000,10.0
21,01-45,wav/01_gamelan_court__45_tractor_turning_hay.wav,1727999,24959980,519.9995833333334,480000,10.0
22,01-46,wav/01_gamelan_court__46_hail_thunder.wav,1727999,26207979,545.9995625,480000,10.0
23,01-47,wav/01_gamelan_court__47_marielle_protest.wav,1727999,27455978,571.9995416666667,480000,10.0
24,01-48,wav/01_gamelan_court__48_hair_salon_tools.wav,1727999,28703977,597.9995208333333,480000,10.0
25,02-25,wav/02_montreal_bagpipe_parade__25_thunder_mountain.wav,1727999,29951976,623.9995,480000,10.0
26,02-26,wav/02_montreal_bagpipe_parade__26_inside_car_wash.wav,1727999,31199975,649.9994791666667,480000,10.0
27,02-27,wav/02_montreal_bagpipe_parade__27_peru_new_year_fireworks.wav,1727999,32447974,675.9994583333333,480000,10.0
28,02-28,wav/02_montreal_bagpipe_parade__28_efteling_steam_train.wav,1727999,33695973,701.9994375,480000,10.0
29,02-29,wav/02_montreal_bagpipe_parade__29_helicopter_takeoff.wav,1727999,34943972,727.9994166666667,480000,10.0
30,02-30,wav/02_montreal_bagpipe_parade__30_scuba_bubbles.wav,1727999,36191971,753.9993958333333,480000,10.0
31,02-31,wav/02_montreal_bagpipe_parade__31_building_demolition.wav,1727999,37439970,779.999375,480000,10.0
32,02-32,wav/02_montreal_bagpipe_parade__32_finnish_blacksmith.wav,1727999,38687969,805.9993541666666,480000,10.0
33,02-33,wav/02_montreal_bagpipe_parade__33_cattle_auction.wav,1727999,39935968,831.9993333333333,480000,10.0
34,02-34,wav/02_montreal_bagpipe_parade__34_ferry_alarm.wav,1727999,41183967,857.9993125,480000,10.0
35,02-35,wav/02_montreal_bagpipe_parade__35_flooded_mine.wav,1727999,42431966,883.9992916666666,480000,10.0
36,02-36,wav/02_montreal_bagpipe_parade__36_cappuccino_process.wav,1727999,43679965,909.9992708333333,480000,10.0
37,02-37,wav/02_montreal_bagpipe_parade__37_tennis_match.wav,1727999,44927964,935.99925,480000,10.0
38,02-38,wav/02_montreal_bagpipe_parade__38_chainsaw_cycle.wav,1727999,46175963,961.9992291666666,480000,10.0
39,02-39,wav/02_montreal_bagpipe_parade__39_near_foghorn.wav,1727999,47423962,987.9992083333333,480000,10.0
40,02-40,wav/02_montreal_bagpipe_parade__40_barcelona_gate_pa.wav,1727999,48671961,1013.9991875,480000,10.0
41,02-41,wav/02_montreal_bagpipe_parade__41_delhi_subway_cycle.wav,1727999,49919960,1039.9991666666667,480000,10.0
42,02-42,wav/02_montreal_bagpipe_parade__42_hockey_goal.wav,1727999,51167959,1065.9991458333334,480000,10.0
43,02-43,wav/02_montreal_bagpipe_parade__43_ambulance_siren.wav,1727999,52415958,1091.999125,480000,10.0
44,02-44,wav/02_montreal_bagpipe_parade__44_woodshop_process.wav,1727999,53663957,1117.9991041666667,480000,10.0
45,02-45,wav/02_montreal_bagpipe_parade__45_tractor_turning_hay.wav,1727999,54911956,1143.9990833333334,480000,10.0
46,02-46,wav/02_montreal_bagpipe_parade__46_hail_thunder.wav,1727999,56159955,1169.9990625,480000,10.0
47,02-47,wav/02_montreal_bagpipe_parade__47_marielle_protest.wav,1727999,57407954,1195.9990416666667,480000,10.0
48,02-48,wav/02_montreal_bagpipe_parade__48_hair_salon_tools.wav,1727999,58655953,1221.9990208333334,480000,10.0
49,03-25,wav/03_taiko_drummers__25_thunder_mountain.wav,1727999,59903952,1247.999,480000,10.0
50,03-26,wav/03_taiko_drummers__26_inside_car_wash.wav,1727999,61151951,1273.9989791666667,480000,10.0
51,03-27,wav/03_taiko_drummers__27_peru_new_year_fireworks.wav,1727999,62399950,1299.9989583333333,480000,10.0
52,03-28,wav/03_taiko_drummers__28_efteling_steam_train.wav,1727999,63647949,1325.9989375,480000,10.0
53,03-29,wav/03_taiko_drummers__29_helicopter_takeoff.wav,1727999,64895948,1351.9989166666667,480000,10.0
54,03-30,wav/03_taiko_drummers__30_scuba_bubbles.wav,1727999,66143947,1377.9988958333333,480000,10.0
55,03-31,wav/03_taiko_drummers__31_building_demolition.wav,1727999,67391946,1403.998875,480000,10.0
56,03-32,wav/03_taiko_drummers__32_finnish_blacksmith.wav,1727999,68639945,1429.9988541666667,480000,10.0
57,03-33,wav/03_taiko_drummers__33_cattle_auction.wav,1727999,69887944,1455.9988333333333,480000,10.0
58,03-34,wav/03_taiko_drummers__34_ferry_alarm.wav,1727999,71135943,1481.9988125,480000,10.0
59,03-35,wav/03_taiko_drummers__35_flooded_mine.wav,1727999,72383942,1507.9987916666666,480000,10.0
60,03-36,wav/03_taiko_drummers__36_cappuccino_process.wav,1727999,73631941,1533.9987708333333,480000,10.0
61,03-37,wav/03_taiko_drummers__37_tennis_match.wav,1727999,74879940,1559.99875,480000,10.0
62,03-38,wav/03_taiko_drummers__38_chainsaw_cycle.wav,1727999,76127939,1585.9987291666666,480000,10.0
63,03-39,wav/03_taiko_drummers__39_near_foghorn.wav,1727999,77375938,1611.9987083333333,480000,10.0
64,03-40,wav/03_taiko_drummers__40_barcelona_gate_pa.wav,1727999,78623937,1637.9986875,480000,10.0
65,03-41,wav/03_taiko_drummers__41_delhi_subway_cycle.wav,1727999,79871936,1663.9986666666666,480000,10.0
66,03-42,wav/03_taiko_drummers__42_hockey_goal.wav,1727999,81119935,1689.9986458333333,480000,10.0
67,03-43,wav/03_taiko_drummers__43_ambulance_siren.wav,1727999,82367934,1715.998625,480000,10.0
68,03-44,wav/03_taiko_drummers__44_woodshop_process.wav,1727999,83615933,1741.9986041666666,480000,10.0
69,03-45,wav/03_taiko_drummers__45_tractor_turning_hay.wav,1727999,84863932,1767.9985833333333,480000,10.0
70,03-46,wav/03_taiko_drummers__46_hail_thunder.wav,1727999,86111931,1793.9985625,480000,10.0
71,03-47,wav/03_taiko_drummers__47_marielle_protest.wav,1727999,87359930,1819.9985416666666,480000,10.0
72,03-48,wav/03_taiko_drummers__48_hair_salon_tools.wav,1727999,88607929,1845.9985208333333,480000,10.0
73,04-25,wav/04_tabla_percussion__25_thunder_mountain.wav,1727999,89855928,1871.9985,480000,10.0
74,04-26,wav/04_tabla_percussion__26_inside_car_wash.wav,1727999,91103927,1897.9984791666666,480000,10.0
75,04-27,wav/04_tabla_percussion__27_peru_new_year_fireworks.wav,1727999,92351926,1923.9984583333332,480000,10.0
76,04-28,wav/04_tabla_percussion__28_efteling_steam_train.wav,1727999,93599925,1949.9984375,480000,10.0
77,04-29,wav/04_tabla_percussion__29_helicopter_takeoff.wav,1727999,94847924,1975.9984166666666,480000,10.0
78,04-30,wav/04_tabla_percussion__30_scuba_bubbles.wav,1727999,96095923,2001.9983958333332,480000,10.0
79,04-31,wav/04_tabla_percussion__31_building_demolition.wav,1727999,97343922,2027.998375,480000,10.0
80,04-32,wav/04_tabla_percussion__32_finnish_blacksmith.wav,1727999,98591921,2053.9983541666666,480000,10.0
81,04-33,wav/04_tabla_percussion__33_cattle_auction.wav,1727999,99839920,2079.9983333333334,480000,10.0
82,04-34,wav/04_tabla_percussion__34_ferry_alarm.wav,1727999,101087919,2105.9983125,480000,10.0
83,04-35,wav/04_tabla_percussion__35_flooded_mine.wav,1727999,102335918,2131.998291666667,480000,10.0
84,04-36,wav/04_tabla_percussion__36_cappuccino_process.wav,1727999,103583917,2157.998270833333,480000,10.0
85,04-37,wav/04_tabla_percussion__37_tennis_match.wav,1727999,104831916,2183.99825,480000,10.0
86,04-38,wav/04_tabla_percussion__38_chainsaw_cycle.wav,1727999,106079915,2209.9982291666665,480000,10.0
87,04-39,wav/04_tabla_percussion__39_near_foghorn.wav,1727999,107327914,2235.9982083333334,480000,10.0
88,04-40,wav/04_tabla_percussion__40_barcelona_gate_pa.wav,1727999,108575913,2261.9981875,480000,10.0
89,04-41,wav/04_tabla_percussion__41_delhi_subway_cycle.wav,1727999,109823912,2287.9981666666667,480000,10.0
90,04-42,wav/04_tabla_percussion__42_hockey_goal.wav,1727999,111071911,2313.998145833333,480000,10.0
91,04-43,wav/04_tabla_percussion__43_ambulance_siren.wav,1727999,112319910,2339.998125,480000,10.0
92,04-44,wav/04_tabla_percussion__44_woodshop_process.wav,1727999,113567909,2365.9981041666665,480000,10.0
93,04-45,wav/04_tabla_percussion__45_tractor_turning_hay.wav,1727999,114815908,2391.9980833333334,480000,10.0
94,04-46,wav/04_tabla_percussion__46_hail_thunder.wav,1727999,116063907,2417.9980625,480000,10.0
95,04-47,wav/04_tabla_percussion__47_marielle_protest.wav,1727999,117311906,2443.9980416666667,480000,10.0
96,04-48,wav/04_tabla_percussion__48_hair_salon_tools.wav,1727999,118559905,2469.998020833333,480000,10.0
97,05-25,wav/05_cello_improvisation__25_thunder_mountain.wav,1727999,119807904,2495.998,480000,10.0
98,05-26,wav/05_cello_improvisation__26_inside_car_wash.wav,1727999,121055903,2521.9979791666665,480000,10.0
99,05-27,wav/05_cello_improvisation__27_peru_new_year_fireworks.wav,1727999,122303902,2547.9979583333334,480000,10.0
100,05-28,wav/05_cello_improvisation__28_efteling_steam_train.wav,1727999,123551901,2573.9979375,480000,10.0
101,05-29,wav/05_cello_improvisation__29_helicopter_takeoff.wav,1727999,124799900,2599.9979166666667,480000,10.0
102,05-30,wav/05_cello_improvisation__30_scuba_bubbles.wav,1727999,126047899,2625.997895833333,480000,10.0
103,05-31,wav/05_cello_improvisation__31_building_demolition.wav,1727999,127295898,2651.997875,480000,10.0
104,05-32,wav/05_cello_improvisation__32_finnish_blacksmith.wav,1727999,128543897,2677.9978541666665,480000,10.0
105,05-33,wav/05_cello_improvisation__33_cattle_auction.wav,1727999,129791896,2703.9978333333333,480000,10.0
106,05-34,wav/05_cello_improvisation__34_ferry_alarm.wav,1727999,131039895,2729.9978125,480000,10.0
107,05-35,wav/05_cello_improvisation__35_flooded_mine.wav,1727999,132287894,2755.9977916666667,480000,10.0
108,05-36,wav/05_cello_improvisation__36_cappuccino_process.wav,1727999,133535893,2781.997770833333,480000,10.0
109,05-37,wav/05_cello_improvisation__37_tennis_match.wav,1727999,134783892,2807.99775,480000,10.0
110,05-38,wav/05_cello_improvisation__38_chainsaw_cycle.wav,1727999,136031891,2833.997729166667,480000,10.0
111,05-39,wav/05_cello_improvisation__39_near_foghorn.wav,1727999,137279890,2859.9977083333333,480000,10.0
112,05-40,wav/05_cello_improvisation__40_barcelona_gate_pa.wav,1727999,138527889,2885.9976875,480000,10.0
113,05-41,wav/05_cello_improvisation__41_delhi_subway_cycle.wav,1727999,139775888,2911.9976666666666,480000,10.0
114,05-42,wav/05_cello_improvisation__42_hockey_goal.wav,1727999,141023887,2937.9976458333335,480000,10.0
115,05-43,wav/05_cello_improvisation__43_ambulance_siren.wav,1727999,142271886,2963.997625,480000,10.0
116,05-44,wav/05_cello_improvisation__44_woodshop_process.wav,1727999,143519885,2989.997604166667,480000,10.0
117,05-45,wav/05_cello_improvisation__45_tractor_turning_hay.wav,1727999,144767884,3015.9975833333333,480000,10.0
118,05-46,wav/05_cello_improvisation__46_hail_thunder.wav,1727999,146015883,3041.9975625,480000,10.0
119,05-47,wav/05_cello_improvisation__47_marielle_protest.wav,1727999,147263882,3067.9975416666666,480000,10.0
120,05-48,wav/05_cello_improvisation__48_hair_salon_tools.wav,1727999,148511881,3093.9975208333335,480000,10.0
121,06-25,wav/06_toy_piano_breakdown__25_thunder_mountain.wav,1727999,149759880,3119.9975,480000,10.0
122,06-26,wav/06_toy_piano_breakdown__26_inside_car_wash.wav,1727999,151007879,3145.997479166667,480000,10.0
123,06-27,wav/06_toy_piano_breakdown__27_peru_new_year_fireworks.wav,1727999,152255878,3171.9974583333333,480000,10.0
124,06-28,wav/06_toy_piano_breakdown__28_efteling_steam_train.wav,1727999,153503877,3197.9974375,480000,10.0
125,06-29,wav/06_toy_piano_breakdown__29_helicopter_takeoff.wav,1727999,154751876,3223.9974166666666,480000,10.0
126,06-30,wav/06_toy_piano_breakdown__30_scuba_bubbles.wav,1727999,155999875,3249.9973958333335,480000,10.0
127,06-31,wav/06_toy_piano_breakdown__31_building_demolition.wav,1727999,157247874,3275.997375,480000,10.0
128,06-32,wav/06_toy_piano_breakdown__32_finnish_blacksmith.wav,1727999,158495873,3301.997354166667,480000,10.0
129,06-33,wav/06_toy_piano_breakdown__33_cattle_auction.wav,1727999,159743872,3327.9973333333332,480000,10.0
130,06-34,wav/06_toy_piano_breakdown__34_ferry_alarm.wav,1727999,160991871,3353.9973125,480000,10.0
131,06-35,wav/06_toy_piano_breakdown__35_flooded_mine.wav,1727999,162239870,3379.9972916666666,480000,10.0
132,06-36,wav/06_toy_piano_breakdown__36_cappuccino_process.wav,1727999,163487869,3405.9972708333335,480000,10.0
133,06-37,wav/06_toy_piano_breakdown__37_tennis_match.wav,1727999,164735868,3431.99725,480000,10.0
134,06-38,wav/06_toy_piano_breakdown__38_chainsaw_cycle.wav,1727999,165983867,3457.997229166667,480000,10.0
135,06-39,wav/06_toy_piano_breakdown__39_near_foghorn.wav,1727999,167231866,3483.997208333333,480000,10.0
136,06-40,wav/06_toy_piano_breakdown__40_barcelona_gate_pa.wav,1727999,168479865,3509.9971875,480000,10.0
137,06-41,wav/06_toy_piano_breakdown__41_delhi_subway_cycle.wav,1727999,169727864,3535.9971666666665,480000,10.0
138,06-42,wav/06_toy_piano_breakdown__42_hockey_goal.wav,1727999,170975863,3561.9971458333334,480000,10.0
139,06-43,wav/06_toy_piano_breakdown__43_ambulance_siren.wav,1727999,172223862,3587.997125,480000,10.0
140,06-44,wav/06_toy_piano_breakdown__44_woodshop_process.wav,1727999,173471861,3613.9971041666668,480000,10.0
141,06-45,wav/06_toy_piano_breakdown__45_tractor_turning_hay.wav,1727999,174719860,3639.997083333333,480000,10.0
142,06-46,wav/06_toy_piano_breakdown__46_hail_thunder.wav,1727999,175967859,3665.9970625,480000,10.0
143,06-47,wav/06_toy_piano_breakdown__47_marielle_protest.wav,1727999,177215858,3691.9970416666665,480000,10.0
144,06-48,wav/06_toy_piano_breakdown__48_hair_salon_tools.wav,1727999,178463857,3717.9970208333334,480000,10.0
145,07-25,wav/07_doepfer_random_melody__25_thunder_mountain.wav,1727999,179711856,3743.997,480000,10.0
146,07-26,wav/07_doepfer_random_melody__26_inside_car_wash.wav,1727999,180959855,3769.9969791666667,480000,10.0
147,07-27,wav/07_doepfer_random_melody__27_peru_new_year_fireworks.wav,1727999,182207854,3795.996958333333,480000,10.0
148,07-28,wav/07_doepfer_random_melody__28_efteling_steam_train.wav,1727999,183455853,3821.9969375,480000,10.0
149,07-29,wav/07_doepfer_random_melody__29_helicopter_takeoff.wav,1727999,184703852,3847.9969166666665,480000,10.0
150,07-30,wav/07_doepfer_random_melody__30_scuba_bubbles.wav,1727999,185951851,3873.9968958333334,480000,10.0
151,07-31,wav/07_doepfer_random_melody__31_building_demolition.wav,1727999,187199850,3899.996875,480000,10.0
152,07-32,wav/07_doepfer_random_melody__32_finnish_blacksmith.wav,1727999,188447849,3925.9968541666667,480000,10.0
153,07-33,wav/07_doepfer_random_melody__33_cattle_auction.wav,1727999,189695848,3951.996833333333,480000,10.0
154,07-34,wav/07_doepfer_random_melody__34_ferry_alarm.wav,1727999,190943847,3977.9968125,480000,10.0
155,07-35,wav/07_doepfer_random_melody__35_flooded_mine.wav,1727999,192191846,4003.9967916666665,480000,10.0
156,07-36,wav/07_doepfer_random_melody__36_cappuccino_process.wav,1727999,193439845,4029.9967708333334,480000,10.0
157,07-37,wav/07_doepfer_random_melody__37_tennis_match.wav,1727999,194687844,4055.99675,480000,10.0
158,07-38,wav/07_doepfer_random_melody__38_chainsaw_cycle.wav,1727999,195935843,4081.9967291666667,480000,10.0
159,07-39,wav/07_doepfer_random_melody__39_near_foghorn.wav,1727999,197183842,4107.996708333333,480000,10.0
160,07-40,wav/07_doepfer_random_melody__40_barcelona_gate_pa.wav,1727999,198431841,4133.9966875,480000,10.0
161,07-41,wav/07_doepfer_random_melody__41_delhi_subway_cycle.wav,1727999,199679840,4159.996666666667,480000,10.0
162,07-42,wav/07_doepfer_random_melody__42_hockey_goal.wav,1727999,200927839,4185.996645833334,480000,10.0
163,07-43,wav/07_doepfer_random_melody__43_ambulance_siren.wav,1727999,202175838,4211.996625,480000,10.0
164,07-44,wav/07_doepfer_random_melody__44_woodshop_process.wav,1727999,203423837,4237.996604166667,480000,10.0
165,07-45,wav/07_doepfer_random_melody__45_tractor_turning_hay.wav,1727999,204671836,4263.996583333334,480000,10.0
166,07-46,wav/07_doepfer_random_melody__46_hail_thunder.wav,1727999,205919835,4289.9965625,480000,10.0
167,07-47,wav/07_doepfer_random_melody__47_marielle_protest.wav,1727999,207167834,4315.996541666666,480000,10.0
168,07-48,wav/07_doepfer_random_melody__48_hair_salon_tools.wav,1727999,208415833,4341.996520833333,480000,10.0
169,08-25,wav/08_astana_brass_band__25_thunder_mountain.wav,1727999,209663832,4367.9965,480000,10.0
170,08-26,wav/08_astana_brass_band__26_inside_car_wash.wav,1727999,210911831,4393.996479166667,480000,10.0
171,08-27,wav/08_astana_brass_band__27_peru_new_year_fireworks.wav,1727999,212159830,4419.996458333333,480000,10.0
172,08-28,wav/08_astana_brass_band__28_efteling_steam_train.wav,1727999,213407829,4445.9964375,480000,10.0
173,08-29,wav/08_astana_brass_band__29_helicopter_takeoff.wav,1727999,214655828,4471.996416666667,480000,10.0
174,08-30,wav/08_astana_brass_band__30_scuba_bubbles.wav,1727999,215903827,4497.996395833334,480000,10.0
175,08-31,wav/08_astana_brass_band__31_building_demolition.wav,1727999,217151826,4523.996375,480000,10.0
176,08-32,wav/08_astana_brass_band__32_finnish_blacksmith.wav,1727999,218399825,4549.996354166667,480000,10.0
177,08-33,wav/08_astana_brass_band__33_cattle_auction.wav,1727999,219647824,4575.9963333333335,480000,10.0
178,08-34,wav/08_astana_brass_band__34_ferry_alarm.wav,1727999,220895823,4601.9963125,480000,10.0
179,08-35,wav/08_astana_brass_band__35_flooded_mine.wav,1727999,222143822,4627.996291666666,480000,10.0
180,08-36,wav/08_astana_brass_band__36_cappuccino_process.wav,1727999,223391821,4653.996270833333,480000,10.0
181,08-37,wav/08_astana_brass_band__37_tennis_match.wav,1727999,224639820,4679.99625,480000,10.0
182,08-38,wav/08_astana_brass_band__38_chainsaw_cycle.wav,1727999,225887819,4705.996229166667,480000,10.0
183,08-39,wav/08_astana_brass_band__39_near_foghorn.wav,1727999,227135818,4731.996208333333,480000,10.0
184,08-40,wav/08_astana_brass_band__40_barcelona_gate_pa.wav,1727999,228383817,4757.9961875,480000,10.0
185,08-41,wav/08_astana_brass_band__41_delhi_subway_cycle.wav,1727999,229631816,4783.996166666667,480000,10.0
186,08-42,wav/08_astana_brass_band__42_hockey_goal.wav,1727999,230879815,4809.996145833334,480000,10.0
187,08-43,wav/08_astana_brass_band__43_ambulance_siren.wav,1727999,232127814,4835.996125,480000,10.0
188,08-44,wav/08_astana_brass_band__44_woodshop_process.wav,1727999,233375813,4861.996104166667,480000,10.0
189,08-45,wav/08_astana_brass_band__45_tractor_turning_hay.wav,1727999,234623812,4887.996083333333,480000,10.0
190,08-46,wav/08_astana_brass_band__46_hail_thunder.wav,1727999,235871811,4913.9960625,480000,10.0
191,08-47,wav/08_astana_brass_band__47_marielle_protest.wav,1727999,237119810,4939.996041666666,480000,10.0
192,08-48,wav/08_astana_brass_band__48_hair_salon_tools.wav,1727999,238367809,4965.996020833333,480000,10.0
193,09-25,wav/09_chopin_string_quartet__25_thunder_mountain.wav,1727999,239615808,4991.996,480000,10.0
194,09-26,wav/09_chopin_string_quartet__26_inside_car_wash.wav,1727999,240863807,5017.995979166667,480000,10.0
195,09-27,wav/09_chopin_string_quartet__27_peru_new_year_fireworks.wav,1727999,242111806,5043.995958333333,480000,10.0
196,09-28,wav/09_chopin_string_quartet__28_efteling_steam_train.wav,1727999,243359805,5069.9959375,480000,10.0
197,09-29,wav/09_chopin_string_quartet__29_helicopter_takeoff.wav,1727999,244607804,5095.995916666667,480000,10.0
198,09-30,wav/09_chopin_string_quartet__30_scuba_bubbles.wav,1727999,245855803,5121.995895833334,480000,10.0
199,09-31,wav/09_chopin_string_quartet__31_building_demolition.wav,1727999,247103802,5147.995875,480000,10.0
200,09-32,wav/09_chopin_string_quartet__32_finnish_blacksmith.wav,1727999,248351801,5173.9958541666665,480000,10.0
201,09-33,wav/09_chopin_string_quartet__33_cattle_auction.wav,1727999,249599800,5199.995833333333,480000,10.0
202,09-34,wav/09_chopin_string_quartet__34_ferry_alarm.wav,1727999,250847799,5225.9958125,480000,10.0
203,09-35,wav/09_chopin_string_quartet__35_flooded_mine.wav,1727999,252095798,5251.995791666666,480000,10.0
204,09-36,wav/09_chopin_string_quartet__36_cappuccino_process.wav,1727999,253343797,5277.995770833333,480000,10.0
205,09-37,wav/09_chopin_string_quartet__37_tennis_match.wav,1727999,254591796,5303.99575,480000,10.0
206,09-38,wav/09_chopin_string_quartet__38_chainsaw_cycle.wav,1727999,255839795,5329.995729166667,480000,10.0
207,09-39,wav/09_chopin_string_quartet__39_near_foghorn.wav,1727999,257087794,5355.995708333333,480000,10.0
208,09-40,wav/09_chopin_string_quartet__40_barcelona_gate_pa.wav,1727999,258335793,5381.9956875,480000,10.0
209,09-41,wav/09_chopin_string_quartet__41_delhi_subway_cycle.wav,1727999,259583792,5407.995666666667,480000,10.0
210,09-42,wav/09_chopin_string_quartet__42_hockey_goal.wav,1727999,260831791,5433.995645833334,480000,10.0
211,09-43,wav/09_chopin_string_quartet__43_ambulance_siren.wav,1727999,262079790,5459.995625,480000,10.0
212,09-44,wav/09_chopin_string_quartet__44_woodshop_process.wav,1727999,263327789,5485.995604166666,480000,10.0
213,09-45,wav/09_chopin_string_quartet__45_tractor_turning_hay.wav,1727999,264575788,5511.995583333333,480000,10.0
214,09-46,wav/09_chopin_string_quartet__46_hail_thunder.wav,1727999,265823787,5537.9955625,480000,10.0
215,09-47,wav/09_chopin_string_quartet__47_marielle_protest.wav,1727999,267071786,5563.995541666666,480000,10.0
216,09-48,wav/09_chopin_string_quartet__48_hair_salon_tools.wav,1727999,268319785,5589.995520833333,480000,10.0
217,10-25,wav/10_handpan_strikes__25_thunder_mountain.wav,1727999,269567784,5615.9955,480000,10.0
218,10-26,wav/10_handpan_strikes__26_inside_car_wash.wav,1727999,270815783,5641.995479166667,480000,10.0
219,10-27,wav/10_handpan_strikes__27_peru_new_year_fireworks.wav,1727999,272063782,5667.995458333334,480000,10.0
220,10-28,wav/10_handpan_strikes__28_efteling_steam_train.wav,1727999,273311781,5693.9954375,480000,10.0
221,10-29,wav/10_handpan_strikes__29_helicopter_takeoff.wav,1727999,274559780,5719.995416666667,480000,10.0
222,10-30,wav/10_handpan_strikes__30_scuba_bubbles.wav,1727999,275807779,5745.9953958333335,480000,10.0
223,10-31,wav/10_handpan_strikes__31_building_demolition.wav,1727999,277055778,5771.995375,480000,10.0
224,10-32,wav/10_handpan_strikes__32_finnish_blacksmith.wav,1727999,278303777,5797.995354166666,480000,10.0
225,10-33,wav/10_handpan_strikes__33_cattle_auction.wav,1727999,279551776,5823.995333333333,480000,10.0
226,10-34,wav/10_handpan_strikes__34_ferry_alarm.wav,1727999,280799775,5849.9953125,480000,10.0
227,10-35,wav/10_handpan_strikes__35_flooded_mine.wav,1727999,282047774,5875.995291666667,480000,10.0
228,10-36,wav/10_handpan_strikes__36_cappuccino_process.wav,1727999,283295773,5901.995270833333,480000,10.0
229,10-37,wav/10_handpan_strikes__37_tennis_match.wav,1727999,284543772,5927.99525,480000,10.0
230,10-38,wav/10_handpan_strikes__38_chainsaw_cycle.wav,1727999,285791771,5953.995229166667,480000,10.0
231,10-39,wav/10_handpan_strikes__39_near_foghorn.wav,1727999,287039770,5979.995208333334,480000,10.0
232,10-40,wav/10_handpan_strikes__40_barcelona_gate_pa.wav,1727999,288287769,6005.9951875,480000,10.0
233,10-41,wav/10_handpan_strikes__41_delhi_subway_cycle.wav,1727999,289535768,6031.995166666667,480000,10.0
234,10-42,wav/10_handpan_strikes__42_hockey_goal.wav,1727999,290783767,6057.9951458333335,480000,10.0
235,10-43,wav/10_handpan_strikes__43_ambulance_siren.wav,1727999,292031766,6083.995125,480000,10.0
236,10-44,wav/10_handpan_strikes__44_woodshop_process.wav,1727999,293279765,6109.995104166666,480000,10.0
237,10-45,wav/10_handpan_strikes__45_tractor_turning_hay.wav,1727999,294527764,6135.995083333333,480000,10.0
238,10-46,wav/10_handpan_strikes__46_hail_thunder.wav,1727999,295775763,6161.9950625,480000,10.0
239,10-47,wav/10_handpan_strikes__47_marielle_protest.wav,1727999,297023762,6187.995041666667,480000,10.0
240,10-48,wav/10_handpan_strikes__48_hair_salon_tools.wav,1727999,298271761,6213.995020833333,480000,10.0
241,11-25,wav/11_madrid_street_accordion__25_thunder_mountain.wav,1727999,299519760,6239.995,480000,10.0
242,11-26,wav/11_madrid_street_accordion__26_inside_car_wash.wav,1727999,300767759,6265.994979166667,480000,10.0
243,11-27,wav/11_madrid_street_accordion__27_peru_new_year_fireworks.wav,1727999,302015758,6291.994958333334,480000,10.0
244,11-28,wav/11_madrid_street_accordion__28_efteling_steam_train.wav,1727999,303263757,6317.9949375,480000,10.0
245,11-29,wav/11_madrid_street_accordion__29_helicopter_takeoff.wav,1727999,304511756,6343.9949166666665,480000,10.0
246,11-30,wav/11_madrid_street_accordion__30_scuba_bubbles.wav,1727999,305759755,6369.994895833333,480000,10.0
247,11-31,wav/11_madrid_street_accordion__31_building_demolition.wav,1727999,307007754,6395.994875,480000,10.0
248,11-32,wav/11_madrid_street_accordion__32_finnish_blacksmith.wav,1727999,308255753,6421.994854166666,480000,10.0
249,11-33,wav/11_madrid_street_accordion__33_cattle_auction.wav,1727999,309503752,6447.994833333333,480000,10.0
250,11-34,wav/11_madrid_street_accordion__34_ferry_alarm.wav,1727999,310751751,6473.9948125,480000,10.0
251,11-35,wav/11_madrid_street_accordion__35_flooded_mine.wav,1727999,311999750,6499.994791666667,480000,10.0
252,11-36,wav/11_madrid_street_accordion__36_cappuccino_process.wav,1727999,313247749,6525.994770833333,480000,10.0
253,11-37,wav/11_madrid_street_accordion__37_tennis_match.wav,1727999,314495748,6551.99475,480000,10.0
254,11-38,wav/11_madrid_street_accordion__38_chainsaw_cycle.wav,1727999,315743747,6577.994729166667,480000,10.0
255,11-39,wav/11_madrid_street_accordion__39_near_foghorn.wav,1727999,316991746,6603.994708333334,480000,10.0
256,11-40,wav/11_madrid_street_accordion__40_barcelona_gate_pa.wav,1727999,318239745,6629.9946875,480000,10.0
257,11-41,wav/11_madrid_street_accordion__41_delhi_subway_cycle.wav,1727999,319487744,6655.9946666666665,480000,10.0
258,11-42,wav/11_madrid_street_accordion__42_hockey_goal.wav,1727999,320735743,6681.994645833333,480000,10.0
259,11-43,wav/11_madrid_street_accordion__43_ambulance_siren.wav,1727999,321983742,6707.994625,480000,10.0
260,11-44,wav/11_madrid_street_accordion__44_woodshop_process.wav,1727999,323231741,6733.994604166666,480000,10.0
261,11-45,wav/11_madrid_street_accordion__45_tractor_turning_hay.wav,1727999,324479740,6759.994583333333,480000,10.0
262,11-46,wav/11_madrid_street_accordion__46_hail_thunder.wav,1727999,325727739,6785.9945625,480000,10.0
263,11-47,wav/11_madrid_street_accordion__47_marielle_protest.wav,1727999,326975738,6811.994541666667,480000,10.0
264,11-48,wav/11_madrid_street_accordion__48_hair_salon_tools.wav,1727999,328223737,6837.994520833333,480000,10.0
265,12-25,wav/12_blues_harmonica__25_thunder_mountain.wav,1727999,329471736,6863.9945,480000,10.0
266,12-26,wav/12_blues_harmonica__26_inside_car_wash.wav,1727999,330719735,6889.994479166667,480000,10.0
267,12-27,wav/12_blues_harmonica__27_peru_new_year_fireworks.wav,1727999,331967734,6915.994458333334,480000,10.0
268,12-28,wav/12_blues_harmonica__28_efteling_steam_train.wav,1727999,333215733,6941.9944375,480000,10.0
269,12-29,wav/12_blues_harmonica__29_helicopter_takeoff.wav,1727999,334463732,6967.994416666666,480000,10.0
270,12-30,wav/12_blues_harmonica__30_scuba_bubbles.wav,1727999,335711731,6993.994395833333,480000,10.0
271,12-31,wav/12_blues_harmonica__31_building_demolition.wav,1727999,336959730,7019.994375,480000,10.0
272,12-32,wav/12_blues_harmonica__32_finnish_blacksmith.wav,1727999,338207729,7045.994354166667,480000,10.0
273,12-33,wav/12_blues_harmonica__33_cattle_auction.wav,1727999,339455728,7071.994333333333,480000,10.0
274,12-34,wav/12_blues_harmonica__34_ferry_alarm.wav,1727999,340703727,7097.9943125,480000,10.0
275,12-35,wav/12_blues_harmonica__35_flooded_mine.wav,1727999,341951726,7123.994291666667,480000,10.0
276,12-36,wav/12_blues_harmonica__36_cappuccino_process.wav,1727999,343199725,7149.994270833334,480000,10.0
277,12-37,wav/12_blues_harmonica__37_tennis_match.wav,1727999,344447724,7175.99425,480000,10.0
278,12-38,wav/12_blues_harmonica__38_chainsaw_cycle.wav,1727999,345695723,7201.994229166667,480000,10.0
279,12-39,wav/12_blues_harmonica__39_near_foghorn.wav,1727999,346943722,7227.9942083333335,480000,10.0
280,12-40,wav/12_blues_harmonica__40_barcelona_gate_pa.wav,1727999,348191721,7253.9941875,480000,10.0
281,12-41,wav/12_blues_harmonica__41_delhi_subway_cycle.wav,1727999,349439720,7279.994166666666,480000,10.0
282,12-42,wav/12_blues_harmonica__42_hockey_goal.wav,1727999,350687719,7305.994145833333,480000,10.0
283,12-43,wav/12_blues_harmonica__43_ambulance_siren.wav,1727999,351935718,7331.994125,480000,10.0
284,12-44,wav/12_blues_harmonica__44_woodshop_process.wav,1727999,353183717,7357.994104166667,480000,10.0
285,12-45,wav/12_blues_harmonica__45_tractor_turning_hay.wav,1727999,354431716,7383.994083333333,480000,10.0
286,12-46,wav/12_blues_harmonica__46_hail_thunder.wav,1727999,355679715,7409.9940625,480000,10.0
287,12-47,wav/12_blues_harmonica__47_marielle_protest.wav,1727999,356927714,7435.994041666667,480000,10.0
288,12-48,wav/12_blues_harmonica__48_hair_salon_tools.wav,1727999,358175713,7461.994020833334,480000,10.0
289,13-25,wav/13_electric_mbira__25_thunder_mountain.wav,1727999,359423712,7487.994,480000,10.0
290,13-26,wav/13_electric_mbira__26_inside_car_wash.wav,1727999,360671711,7513.993979166667,480000,10.0
291,13-27,wav/13_electric_mbira__27_peru_new_year_fireworks.wav,1727999,361919710,7539.9939583333335,480000,10.0
292,13-28,wav/13_electric_mbira__28_efteling_steam_train.wav,1727999,363167709,7565.9939375,480000,10.0
293,13-29,wav/13_electric_mbira__29_helicopter_takeoff.wav,1727999,364415708,7591.993916666666,480000,10.0
294,13-30,wav/13_electric_mbira__30_scuba_bubbles.wav,1727999,365663707,7617.993895833333,480000,10.0
295,13-31,wav/13_electric_mbira__31_building_demolition.wav,1727999,366911706,7643.993875,480000,10.0
296,13-32,wav/13_electric_mbira__32_finnish_blacksmith.wav,1727999,368159705,7669.993854166667,480000,10.0
297,13-33,wav/13_electric_mbira__33_cattle_auction.wav,1727999,369407704,7695.993833333333,480000,10.0
298,13-34,wav/13_electric_mbira__34_ferry_alarm.wav,1727999,370655703,7721.9938125,480000,10.0
299,13-35,wav/13_electric_mbira__35_flooded_mine.wav,1727999,371903702,7747.993791666667,480000,10.0
300,13-36,wav/13_electric_mbira__36_cappuccino_process.wav,1727999,373151701,7773.993770833334,480000,10.0
301,13-37,wav/13_electric_mbira__37_tennis_match.wav,1727999,374399700,7799.99375,480000,10.0
302,13-38,wav/13_electric_mbira__38_chainsaw_cycle.wav,1727999,375647699,7825.9937291666665,480000,10.0
303,13-39,wav/13_electric_mbira__39_near_foghorn.wav,1727999,376895698,7851.993708333333,480000,10.0
304,13-40,wav/13_electric_mbira__40_barcelona_gate_pa.wav,1727999,378143697,7877.9936875,480000,10.0
305,13-41,wav/13_electric_mbira__41_delhi_subway_cycle.wav,1727999,379391696,7903.993666666666,480000,10.0
306,13-42,wav/13_electric_mbira__42_hockey_goal.wav,1727999,380639695,7929.993645833333,480000,10.0
307,13-43,wav/13_electric_mbira__43_ambulance_siren.wav,1727999,381887694,7955.993625,480000,10.0
308,13-44,wav/13_electric_mbira__44_woodshop_process.wav,1727999,383135693,7981.993604166667,480000,10.0
309,13-45,wav/13_electric_mbira__45_tractor_turning_hay.wav,1727999,384383692,8007.993583333333,480000,10.0
310,13-46,wav/13_electric_mbira__46_hail_thunder.wav,1727999,385631691,8033.9935625,480000,10.0
311,13-47,wav/13_electric_mbira__47_marielle_protest.wav,1727999,386879690,8059.993541666667,480000,10.0
312,13-48,wav/13_electric_mbira__48_hair_salon_tools.wav,1727999,388127689,8085.993520833334,480000,10.0
313,14-25,wav/14_didgeridoo_shaker_drum__25_thunder_mountain.wav,1727999,389375688,8111.9935,480000,10.0
314,14-26,wav/14_didgeridoo_shaker_drum__26_inside_car_wash.wav,1727999,390623687,8137.9934791666665,480000,10.0
315,14-27,wav/14_didgeridoo_shaker_drum__27_peru_new_year_fireworks.wav,1727999,391871686,8163.993458333333,480000,10.0
316,14-28,wav/14_didgeridoo_shaker_drum__28_efteling_steam_train.wav,1727999,393119685,8189.9934375,480000,10.0
317,14-29,wav/14_didgeridoo_shaker_drum__29_helicopter_takeoff.wav,1727999,394367684,8215.993416666666,480000,10.0
318,14-30,wav/14_didgeridoo_shaker_drum__30_scuba_bubbles.wav,1727999,395615683,8241.993395833333,480000,10.0
319,14-31,wav/14_didgeridoo_shaker_drum__31_building_demolition.wav,1727999,396863682,8267.993375,480000,10.0
320,14-32,wav/14_didgeridoo_shaker_drum__32_finnish_blacksmith.wav,1727999,398111681,8293.993354166667,480000,10.0
321,14-33,wav/14_didgeridoo_shaker_drum__33_cattle_auction.wav,1727999,399359680,8319.993333333334,480000,10.0
322,14-34,wav/14_didgeridoo_shaker_drum__34_ferry_alarm.wav,1727999,400607679,8345.9933125,480000,10.0
323,14-35,wav/14_didgeridoo_shaker_drum__35_flooded_mine.wav,1727999,401855678,8371.993291666668,480000,10.0
324,14-36,wav/14_didgeridoo_shaker_drum__36_cappuccino_process.wav,1727999,403103677,8397.993270833333,480000,10.0
325,14-37,wav/14_didgeridoo_shaker_drum__37_tennis_match.wav,1727999,404351676,8423.99325,480000,10.0
326,14-38,wav/14_didgeridoo_shaker_drum__38_chainsaw_cycle.wav,1727999,405599675,8449.993229166666,480000,10.0
327,14-39,wav/14_didgeridoo_shaker_drum__39_near_foghorn.wav,1727999,406847674,8475.993208333333,480000,10.0
328,14-40,wav/14_didgeridoo_shaker_drum__40_barcelona_gate_pa.wav,1727999,408095673,8501.9931875,480000,10.0
329,14-41,wav/14_didgeridoo_shaker_drum__41_delhi_subway_cycle.wav,1727999,409343672,8527.993166666667,480000,10.0
330,14-42,wav/14_didgeridoo_shaker_drum__42_hockey_goal.wav,1727999,410591671,8553.993145833334,480000,10.0
331,14-43,wav/14_didgeridoo_shaker_drum__43_ambulance_siren.wav,1727999,411839670,8579.993125,480000,10.0
332,14-44,wav/14_didgeridoo_shaker_drum__44_woodshop_process.wav,1727999,413087669,8605.993104166666,480000,10.0
333,14-45,wav/14_didgeridoo_shaker_drum__45_tractor_turning_hay.wav,1727999,414335668,8631.993083333333,480000,10.0
334,14-46,wav/14_didgeridoo_shaker_drum__46_hail_thunder.wav,1727999,415583667,8657.9930625,480000,10.0
335,14-47,wav/14_didgeridoo_shaker_drum__47_marielle_protest.wav,1727999,416831666,8683.993041666667,480000,10.0
336,14-48,wav/14_didgeridoo_shaker_drum__48_hair_salon_tools.wav,1727999,418079665,8709.993020833334,480000,10.0
337,15-25,wav/15_opera_rehearsal__25_thunder_mountain.wav,1727999,419327664,8735.993,480000,10.0
338,15-26,wav/15_opera_rehearsal__26_inside_car_wash.wav,1727999,420575663,8761.992979166667,480000,10.0
339,15-27,wav/15_opera_rehearsal__27_peru_new_year_fireworks.wav,1727999,421823662,8787.992958333334,480000,10.0
340,15-28,wav/15_opera_rehearsal__28_efteling_steam_train.wav,1727999,423071661,8813.9929375,480000,10.0
341,15-29,wav/15_opera_rehearsal__29_helicopter_takeoff.wav,1727999,424319660,8839.992916666666,480000,10.0
342,15-30,wav/15_opera_rehearsal__30_scuba_bubbles.wav,1727999,425567659,8865.992895833333,480000,10.0
343,15-31,wav/15_opera_rehearsal__31_building_demolition.wav,1727999,426815658,8891.992875,480000,10.0
344,15-32,wav/15_opera_rehearsal__32_finnish_blacksmith.wav,1727999,428063657,8917.992854166667,480000,10.0
345,15-33,wav/15_opera_rehearsal__33_cattle_auction.wav,1727999,429311656,8943.992833333334,480000,10.0
346,15-34,wav/15_opera_rehearsal__34_ferry_alarm.wav,1727999,430559655,8969.9928125,480000,10.0
347,15-35,wav/15_opera_rehearsal__35_flooded_mine.wav,1727999,431807654,8995.992791666667,480000,10.0
348,15-36,wav/15_opera_rehearsal__36_cappuccino_process.wav,1727999,433055653,9021.992770833333,480000,10.0
349,15-37,wav/15_opera_rehearsal__37_tennis_match.wav,1727999,434303652,9047.99275,480000,10.0
350,15-38,wav/15_opera_rehearsal__38_chainsaw_cycle.wav,1727999,435551651,9073.992729166666,480000,10.0
351,15-39,wav/15_opera_rehearsal__39_near_foghorn.wav,1727999,436799650,9099.992708333333,480000,10.0
352,15-40,wav/15_opera_rehearsal__40_barcelona_gate_pa.wav,1727999,438047649,9125.9926875,480000,10.0
353,15-41,wav/15_opera_rehearsal__41_delhi_subway_cycle.wav,1727999,439295648,9151.992666666667,480000,10.0
354,15-42,wav/15_opera_rehearsal__42_hockey_goal.wav,1727999,440543647,9177.992645833334,480000,10.0
355,15-43,wav/15_opera_rehearsal__43_ambulance_siren.wav,1727999,441791646,9203.992625,480000,10.0
356,15-44,wav/15_opera_rehearsal__44_woodshop_process.wav,1727999,443039645,9229.992604166666,480000,10.0
357,15-45,wav/15_opera_rehearsal__45_tractor_turning_hay.wav,1727999,444287644,9255.992583333333,480000,10.0
358,15-46,wav/15_opera_rehearsal__46_hail_thunder.wav,1727999,445535643,9281.9925625,480000,10.0
359,15-47,wav/15_opera_rehearsal__47_marielle_protest.wav,1727999,446783642,9307.992541666667,480000,10.0
360,15-48,wav/15_opera_rehearsal__48_hair_salon_tools.wav,1727999,448031641,9333.992520833333,480000,10.0
361,16-25,wav/16_hamburg_church_bells__25_thunder_mountain.wav,1727999,449279640,9359.9925,480000,10.0
362,16-26,wav/16_hamburg_church_bells__26_inside_car_wash.wav,1727999,450527639,9385.992479166667,480000,10.0
363,16-27,wav/16_hamburg_church_bells__27_peru_new_year_fireworks.wav,1727999,451775638,9411.992458333334,480000,10.0
364,16-28,wav/16_hamburg_church_bells__28_efteling_steam_train.wav,1727999,453023637,9437.9924375,480000,10.0
365,16-29,wav/16_hamburg_church_bells__29_helicopter_takeoff.wav,1727999,454271636,9463.992416666666,480000,10.0
366,16-30,wav/16_hamburg_church_bells__30_scuba_bubbles.wav,1727999,455519635,9489.992395833333,480000,10.0
367,16-31,wav/16_hamburg_church_bells__31_building_demolition.wav,1727999,456767634,9515.992375,480000,10.0
368,16-32,wav/16_hamburg_church_bells__32_finnish_blacksmith.wav,1727999,458015633,9541.992354166667,480000,10.0
369,16-33,wav/16_hamburg_church_bells__33_cattle_auction.wav,1727999,459263632,9567.992333333334,480000,10.0
370,16-34,wav/16_hamburg_church_bells__34_ferry_alarm.wav,1727999,460511631,9593.9923125,480000,10.0
371,16-35,wav/16_hamburg_church_bells__35_flooded_mine.wav,1727999,461759630,9619.992291666667,480000,10.0
372,16-36,wav/16_hamburg_church_bells__36_cappuccino_process.wav,1727999,463007629,9645.992270833332,480000,10.0
373,16-37,wav/16_hamburg_church_bells__37_tennis_match.wav,1727999,464255628,9671.99225,480000,10.0
374,16-38,wav/16_hamburg_church_bells__38_chainsaw_cycle.wav,1727999,465503627,9697.992229166666,480000,10.0
375,16-39,wav/16_hamburg_church_bells__39_near_foghorn.wav,1727999,466751626,9723.992208333333,480000,10.0
376,16-40,wav/16_hamburg_church_bells__40_barcelona_gate_pa.wav,1727999,467999625,9749.9921875,480000,10.0
377,16-41,wav/16_hamburg_church_bells__41_delhi_subway_cycle.wav,1727999,469247624,9775.992166666667,480000,10.0
378,16-42,wav/16_hamburg_church_bells__42_hockey_goal.wav,1727999,470495623,9801.992145833334,480000,10.0
379,16-43,wav/16_hamburg_church_bells__43_ambulance_siren.wav,1727999,471743622,9827.992125,480000,10.0
380,16-44,wav/16_hamburg_church_bells__44_woodshop_process.wav,1727999,472991621,9853.992104166668,480000,10.0
381,16-45,wav/16_hamburg_church_bells__45_tractor_turning_hay.wav,1727999,474239620,9879.992083333333,480000,10.0
382,16-46,wav/16_hamburg_church_bells__46_hail_thunder.wav,1727999,475487619,9905.9920625,480000,10.0
383,16-47,wav/16_hamburg_church_bells__47_marielle_protest.wav,1727999,476735618,9931.992041666666,480000,10.0
384,16-48,wav/16_hamburg_church_bells__48_hair_salon_tools.wav,1727999,477983617,9957.992020833333,480000,10.0
385,17-25,wav/17_seoul_sanchon_drum__25_thunder_mountain.wav,1727999,479231616,9983.992,480000,10.0
386,17-26,wav/17_seoul_sanchon_drum__26_inside_car_wash.wav,1727999,480479615,10009.991979166667,480000,10.0
387,17-27,wav/17_seoul_sanchon_drum__27_peru_new_year_fireworks.wav,1727999,481727614,10035.991958333334,480000,10.0
388,17-28,wav/17_seoul_sanchon_drum__28_efteling_steam_train.wav,1727999,482975613,10061.9919375,480000,10.0
389,17-29,wav/17_seoul_sanchon_drum__29_helicopter_takeoff.wav,1727999,484223612,10087.991916666666,480000,10.0
390,17-30,wav/17_seoul_sanchon_drum__30_scuba_bubbles.wav,1727999,485471611,10113.991895833333,480000,10.0
391,17-31,wav/17_seoul_sanchon_drum__31_building_demolition.wav,1727999,486719610,10139.991875,480000,10.0
392,17-32,wav/17_seoul_sanchon_drum__32_finnish_blacksmith.wav,1727999,487967609,10165.991854166667,480000,10.0
393,17-33,wav/17_seoul_sanchon_drum__33_cattle_auction.wav,1727999,489215608,10191.991833333333,480000,10.0
394,17-34,wav/17_seoul_sanchon_drum__34_ferry_alarm.wav,1727999,490463607,10217.9918125,480000,10.0
395,17-35,wav/17_seoul_sanchon_drum__35_flooded_mine.wav,1727999,491711606,10243.991791666667,480000,10.0
396,17-36,wav/17_seoul_sanchon_drum__36_cappuccino_process.wav,1727999,492959605,10269.991770833334,480000,10.0
397,17-37,wav/17_seoul_sanchon_drum__37_tennis_match.wav,1727999,494207604,10295.99175,480000,10.0
398,17-38,wav/17_seoul_sanchon_drum__38_chainsaw_cycle.wav,1727999,495455603,10321.991729166666,480000,10.0
399,17-39,wav/17_seoul_sanchon_drum__39_near_foghorn.wav,1727999,496703602,10347.991708333333,480000,10.0
400,17-40,wav/17_seoul_sanchon_drum__40_barcelona_gate_pa.wav,1727999,497951601,10373.9916875,480000,10.0
401,17-41,wav/17_seoul_sanchon_drum__41_delhi_subway_cycle.wav,1727999,499199600,10399.991666666667,480000,10.0
402,17-42,wav/17_seoul_sanchon_drum__42_hockey_goal.wav,1727999,500447599,10425.991645833334,480000,10.0
403,17-43,wav/17_seoul_sanchon_drum__43_ambulance_siren.wav,1727999,501695598,10451.991625,480000,10.0
404,17-44,wav/17_seoul_sanchon_drum__44_woodshop_process.wav,1727999,502943597,10477.991604166667,480000,10.0
405,17-45,wav/17_seoul_sanchon_drum__45_tractor_turning_hay.wav,1727999,504191596,10503.991583333333,480000,10.0
406,17-46,wav/17_seoul_sanchon_drum__46_hail_thunder.wav,1727999,505439595,10529.9915625,480000,10.0
407,17-47,wav/17_seoul_sanchon_drum__47_marielle_protest.wav,1727999,506687594,10555.991541666666,480000,10.0
408,17-48,wav/17_seoul_sanchon_drum__48_hair_salon_tools.wav,1727999,507935593,10581.991520833333,480000,10.0
409,18-25,wav/18_marching_band__25_thunder_mountain.wav,1727999,509183592,10607.9915,480000,10.0
410,18-26,wav/18_marching_band__26_inside_car_wash.wav,1727999,510431591,10633.991479166667,480000,10.0
411,18-27,wav/18_marching_band__27_peru_new_year_fireworks.wav,1727999,511679590,10659.991458333334,480000,10.0
412,18-28,wav/18_marching_band__28_efteling_steam_train.wav,1727999,512927589,10685.9914375,480000,10.0
413,18-29,wav/18_marching_band__29_helicopter_takeoff.wav,1727999,514175588,10711.991416666666,480000,10.0
414,18-30,wav/18_marching_band__30_scuba_bubbles.wav,1727999,515423587,10737.991395833333,480000,10.0
415,18-31,wav/18_marching_band__31_building_demolition.wav,1727999,516671586,10763.991375,480000,10.0
416,18-32,wav/18_marching_band__32_finnish_blacksmith.wav,1727999,517919585,10789.991354166666,480000,10.0
417,18-33,wav/18_marching_band__33_cattle_auction.wav,1727999,519167584,10815.991333333333,480000,10.0
418,18-34,wav/18_marching_band__34_ferry_alarm.wav,1727999,520415583,10841.9913125,480000,10.0
419,18-35,wav/18_marching_band__35_flooded_mine.wav,1727999,521663582,10867.991291666667,480000,10.0
420,18-36,wav/18_marching_band__36_cappuccino_process.wav,1727999,522911581,10893.991270833334,480000,10.0
421,18-37,wav/18_marching_band__37_tennis_match.wav,1727999,524159580,10919.99125,480000,10.0
422,18-38,wav/18_marching_band__38_chainsaw_cycle.wav,1727999,525407579,10945.991229166666,480000,10.0
423,18-39,wav/18_marching_band__39_near_foghorn.wav,1727999,526655578,10971.991208333333,480000,10.0
424,18-40,wav/18_marching_band__40_barcelona_gate_pa.wav,1727999,527903577,10997.9911875,480000,10.0
425,18-41,wav/18_marching_band__41_delhi_subway_cycle.wav,1727999,529151576,11023.991166666667,480000,10.0
426,18-42,wav/18_marching_band__42_hockey_goal.wav,1727999,530399575,11049.991145833334,480000,10.0
427,18-43,wav/18_marching_band__43_ambulance_siren.wav,1727999,531647574,11075.991125,480000,10.0
428,18-44,wav/18_marching_band__44_woodshop_process.wav,1727999,532895573,11101.991104166667,480000,10.0
429,18-45,wav/18_marching_band__45_tractor_turning_hay.wav,1727999,534143572,11127.991083333332,480000,10.0
430,18-46,wav/18_marching_band__46_hail_thunder.wav,1727999,535391571,11153.9910625,480000,10.0
431,18-47,wav/18_marching_band__47_marielle_protest.wav,1727999,536639570,11179.991041666666,480000,10.0
432,18-48,wav/18_marching_band__48_hair_salon_tools.wav,1727999,537887569,11205.991020833333,480000,10.0
433,19-25,wav/19_big_band_warmup__25_thunder_mountain.wav,1727999,539135568,11231.991,480000,10.0
434,19-26,wav/19_big_band_warmup__26_inside_car_wash.wav,1727999,540383567,11257.990979166667,480000,10.0
435,19-27,wav/19_big_band_warmup__27_peru_new_year_fireworks.wav,1727999,541631566,11283.990958333334,480000,10.0
436,19-28,wav/19_big_band_warmup__28_efteling_steam_train.wav,1727999,542879565,11309.9909375,480000,10.0
437,19-29,wav/19_big_band_warmup__29_helicopter_takeoff.wav,1727999,544127564,11335.990916666668,480000,10.0
438,19-30,wav/19_big_band_warmup__30_scuba_bubbles.wav,1727999,545375563,11361.990895833333,480000,10.0
439,19-31,wav/19_big_band_warmup__31_building_demolition.wav,1727999,546623562,11387.990875,480000,10.0
440,19-32,wav/19_big_band_warmup__32_finnish_blacksmith.wav,1727999,547871561,11413.990854166666,480000,10.0
441,19-33,wav/19_big_band_warmup__33_cattle_auction.wav,1727999,549119560,11439.990833333333,480000,10.0
442,19-34,wav/19_big_band_warmup__34_ferry_alarm.wav,1727999,550367559,11465.9908125,480000,10.0
443,19-35,wav/19_big_band_warmup__35_flooded_mine.wav,1727999,551615558,11491.990791666667,480000,10.0
444,19-36,wav/19_big_band_warmup__36_cappuccino_process.wav,1727999,552863557,11517.990770833334,480000,10.0
445,19-37,wav/19_big_band_warmup__37_tennis_match.wav,1727999,554111556,11543.99075,480000,10.0
446,19-38,wav/19_big_band_warmup__38_chainsaw_cycle.wav,1727999,555359555,11569.990729166666,480000,10.0
447,19-39,wav/19_big_band_warmup__39_near_foghorn.wav,1727999,556607554,11595.990708333333,480000,10.0
448,19-40,wav/19_big_band_warmup__40_barcelona_gate_pa.wav,1727999,557855553,11621.9906875,480000,10.0
449,19-41,wav/19_big_band_warmup__41_delhi_subway_cycle.wav,1727999,559103552,11647.990666666667,480000,10.0
450,19-42,wav/19_big_band_warmup__42_hockey_goal.wav,1727999,560351551,11673.990645833333,480000,10.0
451,19-43,wav/19_big_band_warmup__43_ambulance_siren.wav,1727999,561599550,11699.990625,480000,10.0
452,19-44,wav/19_big_band_warmup__44_woodshop_process.wav,1727999,562847549,11725.990604166667,480000,10.0
453,19-45,wav/19_big_band_warmup__45_tractor_turning_hay.wav,1727999,564095548,11751.990583333334,480000,10.0
454,19-46,wav/19_big_band_warmup__46_hail_thunder.wav,1727999,565343547,11777.9905625,480000,10.0
455,19-47,wav/19_big_band_warmup__47_marielle_protest.wav,1727999,566591546,11803.990541666666,480000,10.0
456,19-48,wav/19_big_band_warmup__48_hair_salon_tools.wav,1727999,567839545,11829.990520833333,480000,10.0
457,20-25,wav/20_spanish_guitar_improvisation__25_thunder_mountain.wav,1727999,569087544,11855.9905,480000,10.0
458,20-26,wav/20_spanish_guitar_improvisation__26_inside_car_wash.wav,1727999,570335543,11881.990479166667,480000,10.0
459,20-27,wav/20_spanish_guitar_improvisation__27_peru_new_year_fireworks.wav,1727999,571583542,11907.990458333334,480000,10.0
460,20-28,wav/20_spanish_guitar_improvisation__28_efteling_steam_train.wav,1727999,572831541,11933.9904375,480000,10.0
461,20-29,wav/20_spanish_guitar_improvisation__29_helicopter_takeoff.wav,1727999,574079540,11959.990416666667,480000,10.0
462,20-30,wav/20_spanish_guitar_improvisation__30_scuba_bubbles.wav,1727999,575327539,11985.990395833333,480000,10.0
463,20-31,wav/20_spanish_guitar_improvisation__31_building_demolition.wav,1727999,576575538,12011.990375,480000,10.0
464,20-32,wav/20_spanish_guitar_improvisation__32_finnish_blacksmith.wav,1727999,577823537,12037.990354166666,480000,10.0
465,20-33,wav/20_spanish_guitar_improvisation__33_cattle_auction.wav,1727999,579071536,12063.990333333333,480000,10.0
466,20-34,wav/20_spanish_guitar_improvisation__34_ferry_alarm.wav,1727999,580319535,12089.9903125,480000,10.0
467,20-35,wav/20_spanish_guitar_improvisation__35_flooded_mine.wav,1727999,581567534,12115.990291666667,480000,10.0
468,20-36,wav/20_spanish_guitar_improvisation__36_cappuccino_process.wav,1727999,582815533,12141.990270833334,480000,10.0
469,20-37,wav/20_spanish_guitar_improvisation__37_tennis_match.wav,1727999,584063532,12167.99025,480000,10.0
470,20-38,wav/20_spanish_guitar_improvisation__38_chainsaw_cycle.wav,1727999,585311531,12193.990229166666,480000,10.0
471,20-39,wav/20_spanish_guitar_improvisation__39_near_foghorn.wav,1727999,586559530,12219.990208333333,480000,10.0
472,20-40,wav/20_spanish_guitar_improvisation__40_barcelona_gate_pa.wav,1727999,587807529,12245.9901875,480000,10.0
473,20-41,wav/20_spanish_guitar_improvisation__41_delhi_subway_cycle.wav,1727999,589055528,12271.990166666666,480000,10.0
474,20-42,wav/20_spanish_guitar_improvisation__42_hockey_goal.wav,1727999,590303527,12297.990145833333,480000,10.0
475,20-43,wav/20_spanish_guitar_improvisation__43_ambulance_siren.wav,1727999,591551526,12323.990125,480000,10.0
476,20-44,wav/20_spanish_guitar_improvisation__44_woodshop_process.wav,1727999,592799525,12349.990104166667,480000,10.0
477,20-45,wav/20_spanish_guitar_improvisation__45_tractor_turning_hay.wav,1727999,594047524,12375.990083333334,480000,10.0
478,20-46,wav/20_spanish_guitar_improvisation__46_hail_thunder.wav,1727999,595295523,12401.9900625,480000,10.0
479,20-47,wav/20_spanish_guitar_improvisation__47_marielle_protest.wav,1727999,596543522,12427.990041666666,480000,10.0
480,20-48,wav/20_spanish_guitar_improvisation__48_hair_salon_tools.wav,1727999,597791521,12453.990020833333,480000,10.0
481,21-25,wav/21_christe_choir__25_thunder_mountain.wav,1727999,599039520,12479.99,480000,10.0
482,21-26,wav/21_christe_choir__26_inside_car_wash.wav,1727999,600287519,12505.989979166667,480000,10.0
483,21-27,wav/21_christe_choir__27_peru_new_year_fireworks.wav,1727999,601535518,12531.989958333334,480000,10.0
484,21-28,wav/21_christe_choir__28_efteling_steam_train.wav,1727999,602783517,12557.9899375,480000,10.0
485,21-29,wav/21_christe_choir__29_helicopter_takeoff.wav,1727999,604031516,12583.989916666667,480000,10.0
486,21-30,wav/21_christe_choir__30_scuba_bubbles.wav,1727999,605279515,12609.989895833334,480000,10.0
487,21-31,wav/21_christe_choir__31_building_demolition.wav,1727999,606527514,12635.989875,480000,10.0
488,21-32,wav/21_christe_choir__32_finnish_blacksmith.wav,1727999,607775513,12661.989854166666,480000,10.0
489,21-33,wav/21_christe_choir__33_cattle_auction.wav,1727999,609023512,12687.989833333333,480000,10.0
490,21-34,wav/21_christe_choir__34_ferry_alarm.wav,1727999,610271511,12713.9898125,480000,10.0
491,21-35,wav/21_christe_choir__35_flooded_mine.wav,1727999,611519510,12739.989791666667,480000,10.0
492,21-36,wav/21_christe_choir__36_cappuccino_process.wav,1727999,612767509,12765.989770833334,480000,10.0
493,21-37,wav/21_christe_choir__37_tennis_match.wav,1727999,614015508,12791.98975,480000,10.0
494,21-38,wav/21_christe_choir__38_chainsaw_cycle.wav,1727999,615263507,12817.989729166668,480000,10.0
495,21-39,wav/21_christe_choir__39_near_foghorn.wav,1727999,616511506,12843.989708333333,480000,10.0
496,21-40,wav/21_christe_choir__40_barcelona_gate_pa.wav,1727999,617759505,12869.9896875,480000,10.0
497,21-41,wav/21_christe_choir__41_delhi_subway_cycle.wav,1727999,619007504,12895.989666666666,480000,10.0
498,21-42,wav/21_christe_choir__42_hockey_goal.wav,1727999,620255503,12921.989645833333,480000,10.0
499,21-43,wav/21_christe_choir__43_ambulance_siren.wav,1727999,621503502,12947.989625,480000,10.0
500,21-44,wav/21_christe_choir__44_woodshop_process.wav,1727999,622751501,12973.989604166667,480000,10.0
501,21-45,wav/21_christe_choir__45_tractor_turning_hay.wav,1727999,623999500,12999.989583333334,480000,10.0
502,21-46,wav/21_christe_choir__46_hail_thunder.wav,1727999,625247499,13025.9895625,480000,10.0
503,21-47,wav/21_christe_choir__47_marielle_protest.wav,1727999,626495498,13051.989541666666,480000,10.0
504,21-48,wav/21_christe_choir__48_hair_salon_tools.wav,1727999,627743497,13077.989520833333,480000,10.0
505,22-25,wav/22_prospect_drum_circle__25_thunder_mountain.wav,1727999,628991496,13103.9895,480000,10.0
506,22-26,wav/22_prospect_drum_circle__26_inside_car_wash.wav,1727999,630239495,13129.989479166667,480000,10.0
507,22-27,wav/22_prospect_drum_circle__27_peru_new_year_fireworks.wav,1727999,631487494,13155.989458333333,480000,10.0
508,22-28,wav/22_prospect_drum_circle__28_efteling_steam_train.wav,1727999,632735493,13181.9894375,480000,10.0
509,22-29,wav/22_prospect_drum_circle__29_helicopter_takeoff.wav,1727999,633983492,13207.989416666667,480000,10.0
510,22-30,wav/22_prospect_drum_circle__30_scuba_bubbles.wav,1727999,635231491,13233.989395833334,480000,10.0
511,22-31,wav/22_prospect_drum_circle__31_building_demolition.wav,1727999,636479490,13259.989375,480000,10.0
512,22-32,wav/22_prospect_drum_circle__32_finnish_blacksmith.wav,1727999,637727489,13285.989354166666,480000,10.0
513,22-33,wav/22_prospect_drum_circle__33_cattle_auction.wav,1727999,638975488,13311.989333333333,480000,10.0
514,22-34,wav/22_prospect_drum_circle__34_ferry_alarm.wav,1727999,640223487,13337.9893125,480000,10.0
515,22-35,wav/22_prospect_drum_circle__35_flooded_mine.wav,1727999,641471486,13363.989291666667,480000,10.0
516,22-36,wav/22_prospect_drum_circle__36_cappuccino_process.wav,1727999,642719485,13389.989270833334,480000,10.0
517,22-37,wav/22_prospect_drum_circle__37_tennis_match.wav,1727999,643967484,13415.98925,480000,10.0
518,22-38,wav/22_prospect_drum_circle__38_chainsaw_cycle.wav,1727999,645215483,13441.989229166667,480000,10.0
519,22-39,wav/22_prospect_drum_circle__39_near_foghorn.wav,1727999,646463482,13467.989208333332,480000,10.0
520,22-40,wav/22_prospect_drum_circle__40_barcelona_gate_pa.wav,1727999,647711481,13493.9891875,480000,10.0
521,22-41,wav/22_prospect_drum_circle__41_delhi_subway_cycle.wav,1727999,648959480,13519.989166666666,480000,10.0
522,22-42,wav/22_prospect_drum_circle__42_hockey_goal.wav,1727999,650207479,13545.989145833333,480000,10.0
523,22-43,wav/22_prospect_drum_circle__43_ambulance_siren.wav,1727999,651455478,13571.989125,480000,10.0
524,22-44,wav/22_prospect_drum_circle__44_woodshop_process.wav,1727999,652703477,13597.989104166667,480000,10.0
525,22-45,wav/22_prospect_drum_circle__45_tractor_turning_hay.wav,1727999,653951476,13623.989083333334,480000,10.0
526,22-46,wav/22_prospect_drum_circle__46_hail_thunder.wav,1727999,655199475,13649.9890625,480000,10.0
527,22-47,wav/22_prospect_drum_circle__47_marielle_protest.wav,1727999,656447474,13675.989041666666,480000,10.0
528,22-48,wav/22_prospect_drum_circle__48_hair_salon_tools.wav,1727999,657695473,13701.989020833333,480000,10.0
529,23-25,wav/23_techno_loco__25_thunder_mountain.wav,1727999,658943472,13727.989,480000,10.0
530,23-26,wav/23_techno_loco__26_inside_car_wash.wav,1727999,660191471,13753.988979166666,480000,10.0
531,23-27,wav/23_techno_loco__27_peru_new_year_fireworks.wav,1727999,661439470,13779.988958333333,480000,10.0
532,23-28,wav/23_techno_loco__28_efteling_steam_train.wav,1727999,662687469,13805.9889375,480000,10.0
533,23-29,wav/23_techno_loco__29_helicopter_takeoff.wav,1727999,663935468,13831.988916666667,480000,10.0
534,23-30,wav/23_techno_loco__30_scuba_bubbles.wav,1727999,665183467,13857.988895833334,480000,10.0
535,23-31,wav/23_techno_loco__31_building_demolition.wav,1727999,666431466,13883.988875,480000,10.0
536,23-32,wav/23_techno_loco__32_finnish_blacksmith.wav,1727999,667679465,13909.988854166666,480000,10.0
537,23-33,wav/23_techno_loco__33_cattle_auction.wav,1727999,668927464,13935.988833333333,480000,10.0
538,23-34,wav/23_techno_loco__34_ferry_alarm.wav,1727999,670175463,13961.9888125,480000,10.0
539,23-35,wav/23_techno_loco__35_flooded_mine.wav,1727999,671423462,13987.988791666667,480000,10.0
540,23-36,wav/23_techno_loco__36_cappuccino_process.wav,1727999,672671461,14013.988770833334,480000,10.0
541,23-37,wav/23_techno_loco__37_tennis_match.wav,1727999,673919460,14039.98875,480000,10.0
542,23-38,wav/23_techno_loco__38_chainsaw_cycle.wav,1727999,675167459,14065.988729166667,480000,10.0
543,23-39,wav/23_techno_loco__39_near_foghorn.wav,1727999,676415458,14091.988708333334,480000,10.0
544,23-40,wav/23_techno_loco__40_barcelona_gate_pa.wav,1727999,677663457,14117.9886875,480000,10.0
545,23-41,wav/23_techno_loco__41_delhi_subway_cycle.wav,1727999,678911456,14143.988666666666,480000,10.0
546,23-42,wav/23_techno_loco__42_hockey_goal.wav,1727999,680159455,14169.988645833333,480000,10.0
547,23-43,wav/23_techno_loco__43_ambulance_siren.wav,1727999,681407454,14195.988625,480000,10.0
548,23-44,wav/23_techno_loco__44_woodshop_process.wav,1727999,682655453,14221.988604166667,480000,10.0
549,23-45,wav/23_techno_loco__45_tractor_turning_hay.wav,1727999,683903452,14247.988583333334,480000,10.0
550,23-46,wav/23_techno_loco__46_hail_thunder.wav,1727999,685151451,14273.9885625,480000,10.0
551,23-47,wav/23_techno_loco__47_marielle_protest.wav,1727999,686399450,14299.988541666668,480000,10.0
552,23-48,wav/23_techno_loco__48_hair_salon_tools.wav,1727999,687647449,14325.988520833333,480000,10.0
553,24-25,wav/24_gifu_pipe_organ__25_thunder_mountain.wav,1727999,688895448,14351.9885,480000,10.0
554,24-26,wav/24_gifu_pipe_organ__26_inside_car_wash.wav,1727999,690143447,14377.988479166666,480000,10.0
555,24-27,wav/24_gifu_pipe_organ__27_peru_new_year_fireworks.wav,1727999,691391446,14403.988458333333,480000,10.0
556,24-28,wav/24_gifu_pipe_organ__28_efteling_steam_train.wav,1727999,692639445,14429.9884375,480000,10.0
557,24-29,wav/24_gifu_pipe_organ__29_helicopter_takeoff.wav,1727999,693887444,14455.988416666667,480000,10.0
558,24-30,wav/24_gifu_pipe_organ__30_scuba_bubbles.wav,1727999,695135443,14481.988395833334,480000,10.0
559,24-31,wav/24_gifu_pipe_organ__31_building_demolition.wav,1727999,696383442,14507.988375,480000,10.0
560,24-32,wav/24_gifu_pipe_organ__32_finnish_blacksmith.wav,1727999,697631441,14533.988354166666,480000,10.0
561,24-33,wav/24_gifu_pipe_organ__33_cattle_auction.wav,1727999,698879440,14559.988333333333,480000,10.0
562,24-34,wav/24_gifu_pipe_organ__34_ferry_alarm.wav,1727999,700127439,14585.9883125,480000,10.0
563,24-35,wav/24_gifu_pipe_organ__35_flooded_mine.wav,1727999,701375438,14611.988291666667,480000,10.0
564,24-36,wav/24_gifu_pipe_organ__36_cappuccino_process.wav,1727999,702623437,14637.988270833333,480000,10.0
565,24-37,wav/24_gifu_pipe_organ__37_tennis_match.wav,1727999,703871436,14663.98825,480000,10.0
566,24-38,wav/24_gifu_pipe_organ__38_chainsaw_cycle.wav,1727999,705119435,14689.988229166667,480000,10.0
567,24-39,wav/24_gifu_pipe_organ__39_near_foghorn.wav,1727999,706367434,14715.988208333334,480000,10.0
568,24-40,wav/24_gifu_pipe_organ__40_barcelona_gate_pa.wav,1727999,707615433,14741.9881875,480000,10.0
569,24-41,wav/24_gifu_pipe_organ__41_delhi_subway_cycle.wav,1727999,708863432,14767.988166666666,480000,10.0
570,24-42,wav/24_gifu_pipe_organ__42_hockey_goal.wav,1727999,710111431,14793.988145833333,480000,10.0
571,24-43,wav/24_gifu_pipe_organ__43_ambulance_siren.wav,1727999,711359430,14819.988125,480000,10.0
572,24-44,wav/24_gifu_pipe_organ__44_woodshop_process.wav,1727999,712607429,14845.988104166667,480000,10.0
573,24-45,wav/24_gifu_pipe_organ__45_tractor_turning_hay.wav,1727999,713855428,14871.988083333334,480000,10.0
574,24-46,wav/24_gifu_pipe_organ__46_hail_thunder.wav,1727999,715103427,14897.9880625,480000,10.0
575,24-47,wav/24_gifu_pipe_organ__47_marielle_protest.wav,1727999,716351426,14923.988041666667,480000,10.0
576,24-48,wav/24_gifu_pipe_organ__48_hair_salon_tools.wav,1727999,717599425,14949.988020833332,480000,10.0
