source_page	download_url	creator	license	license_url	source_page_sha256	used_by
https://bigsoundbank.com/atmosphere-bar-2-s0480.html	https://bigsoundbank.com/UPLOAD/mp3/0480.mp3	David Greck	CC0 1.0	https://bigsoundbank.com/licenses.html	d1ae43b19ef45d9384acd9a07b1cb0f4579d6a2f297addc9283cefb345f47637	conv1/bar_atmosphere_long;conv2/bar_atmosphere_long;conv3/bar_atmosphere_long
https://bigsoundbank.com/beer-compressor-1-s3091.html	https://bigsoundbank.com/UPLOAD/mp3/3091.mp3	Joseph Sardin	CC0 1.0	https://bigsoundbank.com/licenses.html	9e6c2fe720b7c98a653f4b004784cdd2784a8eb403864a881292358cfc16e373	conv1/beer_compressor_long;conv2/beer_compressor_long;conv3/beer_compressor_long
https://bigsoundbank.com/campaign-at-night-4-s1880.html	https://bigsoundbank.com/UPLOAD/mp3/1880.mp3	Joseph Sardin	CC0 1.0	https://bigsoundbank.com/licenses.html	4e1b77199bb9b1adc4858c15c349938f052e084f6e3e7e5bea7ba4211a1474d8	conv1/countryside_night_long;conv2/countryside_night_long;conv3/countryside_night_long
https://bigsoundbank.com/chambord-castle-france-3-s3433.html	https://bigsoundbank.com/UPLOAD/mp3/3433.mp3	Joseph Sardin & Axeline T.	CC0 1.0	https://bigsoundbank.com/licenses.html	6b6b625aea46173de6dfa364250c569dda4aad49bbaec9cb80e2cca752737bc8	conv1/chambord_castle_long;conv2/chambord_castle_long;conv3/chambord_castle_long
https://bigsoundbank.com/dock-gare-du-nord-paris-s0647.html	https://bigsoundbank.com/UPLOAD/mp3/0647.mp3	Joseph Sardin	CC0 1.0	https://bigsoundbank.com/licenses.html	00573d2c0d2e0b8f5583b18e758e0427f5c275676861a7cb9e6db42dde660877	conv1/gare_du_nord_long;conv2/gare_du_nord_long;conv3/gare_du_nord_long
https://bigsoundbank.com/flock-sheep-and-cows-s3220.html	https://bigsoundbank.com/UPLOAD/mp3/3220.mp3	Joseph Sardin & Axeline T.	CC0 1.0	https://bigsoundbank.com/licenses.html	26498b9bf4d40be1637229917d5042bb55ab9854d4c1cb36847662f1ed5c9397	conv1/sheep_cows_long;conv2/sheep_cows_long;conv3/sheep_cows_long
https://bigsoundbank.com/forest-and-stream-1-s2713.html	https://bigsoundbank.com/UPLOAD/mp3/2713.mp3	Pierre Sibanarco	CC0 1.0	https://bigsoundbank.com/licenses.html	1067ce29490fc2a6d9c1a4fc30a93cd94de64183fdc6d128c4b5401597a62f23	conv1/forest_stream_long;conv2/forest_stream_long;conv3/forest_stream_long
https://bigsoundbank.com/forest-on-the-edge-s0905.html	https://bigsoundbank.com/UPLOAD/mp3/0905.mp3	Joseph Sardin	CC0 1.0	https://bigsoundbank.com/licenses.html	faba2f590e3ac28aad00f71c24f188a2d6ce11c6d0dc25bae92f592f0acfef29	conv1/forest_edge_long;conv2/forest_edge_long;conv3/forest_edge_long
https://bigsoundbank.com/forest-s0100.html	https://bigsoundbank.com/UPLOAD/mp3/0100.mp3	Joseph Sardin	CC0 1.0	https://bigsoundbank.com/licenses.html	ea054c04435f9538170b7a9ba2ca6c51abe2f99b4c3bfc692b1d5ec0d83dfefa	conv1/forest_ambience;conv2/forest_ambience;conv3/forest_ambience
https://bigsoundbank.com/gulls-on-the-harbor-s2573.html	https://bigsoundbank.com/UPLOAD/mp3/2573.mp3	Joseph Sardin	CC0 1.0	https://bigsoundbank.com/licenses.html	b32d710028a6a7f622fc05e2dbf7a71c57a5943577e281b2020cbe1a246f715e	conv1/harbor_gulls_long;conv2/harbor_gulls_long;conv3/harbor_gulls_long
https://bigsoundbank.com/heidelberg-printing-press-7-s3410.html	https://bigsoundbank.com/UPLOAD/mp3/3410.mp3	Mireille B.	CC0 1.0	https://bigsoundbank.com/licenses.html	02e78ee74be399d3f5b98f00700cc52897325fde67596965407484b21593d05f	conv1/printing_press_long;conv2/printing_press_long;conv3/printing_press_long
https://bigsoundbank.com/highway-s0122.html	https://bigsoundbank.com/UPLOAD/mp3/0122.mp3	Joseph Sardin	CC0 1.0	https://bigsoundbank.com/licenses.html	80a39b76ec172fbba38545f080fb119dd985c7ba917dd75ab3bed009df4b64a1	conv1/highway_long;conv2/highway_long;conv3/highway_long
https://bigsoundbank.com/industry-workshop-s0503.html	https://bigsoundbank.com/UPLOAD/mp3/0503.mp3	Joseph Sardin	CC0 1.0	https://bigsoundbank.com/licenses.html	c3a669a7bea6c2fe090f49972b26c0513338b37be34a9b45e6cb5fa16310c102	conv1/industry_workshop;conv2/industry_workshop;conv3/industry_workshop
https://bigsoundbank.com/metallurgical-factory-s0749.html	https://bigsoundbank.com/UPLOAD/mp3/0749.mp3	Joseph Sardin	CC0 1.0	https://bigsoundbank.com/licenses.html	6669b3234348e0c864152d112147d9a1f46414baf61d8d3fb91aed7ef1dcc760	conv1/metallurgical_factory;conv2/metallurgical_factory;conv3/metallurgical_factory
https://bigsoundbank.com/mini-waterfall-s0996.html	https://bigsoundbank.com/UPLOAD/mp3/0996.mp3	Joseph Sardin	CC0 1.0	https://bigsoundbank.com/licenses.html	ce2e77aefab2826ebeb625bbcfeaf92ff9184501a1a2f155c5bb66351af18938	conv1/waterfall;conv2/waterfall;conv3/waterfall
https://bigsoundbank.com/noisy-office-industry-s0502.html	https://bigsoundbank.com/UPLOAD/mp3/0502.mp3	Joseph Sardin	CC0 1.0	https://bigsoundbank.com/licenses.html	a7376c739e71cd9567a297f72843f38e819257ee93c6973ce6aed7a3a06fd0a5	conv1/noisy_office_industry;conv2/noisy_office_industry;conv3/noisy_office_industry
https://bigsoundbank.com/outdoor-market-1-s2728.html	https://bigsoundbank.com/UPLOAD/mp3/2728.mp3	Joseph Sardin	CC0 1.0	https://bigsoundbank.com/licenses.html	65eb981a51ff52224a46a5b394dc26c9500529c960b6e776c778684ad6c3d013	conv1/outdoor_market_long;conv2/outdoor_market_long;conv3/outdoor_market_long
https://bigsoundbank.com/paris-by-night-s0680.html	https://bigsoundbank.com/UPLOAD/mp3/0680.mp3	Joseph Sardin	CC0 1.0	https://bigsoundbank.com/licenses.html	41b8e9d103cf20d703461ed71c96509008cb2bce9599d5b599459f62310f1186	conv1/paris_night;conv2/paris_night;conv3/paris_night
https://bigsoundbank.com/roadworks-1-s0631.html	https://bigsoundbank.com/UPLOAD/mp3/0631.mp3	Joseph Sardin	CC0 1.0	https://bigsoundbank.com/licenses.html	1724ec09cc04b517fca3abdf14dccb578642375268700529eeb0388b1c5016a4	conv1/roadworks_long;conv2/roadworks_long;conv3/roadworks_long
https://bigsoundbank.com/roadworks-4-s1637.html	https://bigsoundbank.com/UPLOAD/mp3/1637.mp3	Joseph Sardin	CC0 1.0	https://bigsoundbank.com/licenses.html	01630d2f8cbc196c33317b32e02aac4c94e2cde63ff852a714cbfa9285db89dc	conv1/roadworks_saw_long;conv2/roadworks_saw_long;conv3/roadworks_saw_long
https://bigsoundbank.com/rue-d-aubervilliers-s2722.html	https://bigsoundbank.com/UPLOAD/mp3/2722.mp3	Joseph Sardin	CC0 1.0	https://bigsoundbank.com/licenses.html	82a228fe2a030f7b3f370db71feee9458f1dc50f96d834960e583bd9919ef1f2	conv1/aubervilliers_street_long;conv2/aubervilliers_street_long;conv3/aubervilliers_street_long
https://bigsoundbank.com/sawmill-1-s1536.html	https://bigsoundbank.com/UPLOAD/mp3/1536.mp3	Joseph Sardin	CC0 1.0	https://bigsoundbank.com/licenses.html	59844f5db2a8e6c227d8cc0a352869f31c77063df139343ca8670e5a7fc71974	conv1/sawmill_one;conv2/sawmill_one;conv3/sawmill_one
https://bigsoundbank.com/sawmill-2-s1537.html	https://bigsoundbank.com/UPLOAD/mp3/1537.mp3	Joseph Sardin	CC0 1.0	https://bigsoundbank.com/licenses.html	3db9fc8b028cb566571ab93ebade3307b536090f50cf3dfc41c606db78a72400	conv1/sawmill_two;conv2/sawmill_two;conv3/sawmill_two
https://bigsoundbank.com/sea-waves-and-seagulls-s0267.html	https://bigsoundbank.com/UPLOAD/mp3/0267.mp3	Denis Chardonnet	CC0 1.0	https://bigsoundbank.com/licenses.html	d4d74535d9aeafa6b99793fafa520961ce53e6fd3298d8bf234cfa85532df3b1	conv1/sea_terns_long;conv2/sea_terns_long;conv3/sea_terns_long
https://bigsoundbank.com/small-waves-froth-and-beach-s1447.html	https://bigsoundbank.com/UPLOAD/mp3/1447.mp3	Joseph Sardin	CC0 1.0	https://bigsoundbank.com/licenses.html	1a96d4c96e4ba8ddce33bc3d0e3c1bb29b07c1508d4c3a0244ff7a32dc6f3022	conv1/beach_froth_long;conv2/beach_froth_long;conv3/beach_froth_long
https://bigsoundbank.com/soundscape-at-st-lazare-station-s3029.html	https://bigsoundbank.com/UPLOAD/mp3/3029.mp3	Joseph Sardin	CC0 1.0	https://bigsoundbank.com/licenses.html	3238ef2e74aca1bb525d47b94dd470105906d8eab6af36f5448ffa7478e8705b	conv1/st_lazare_station_long;conv2/st_lazare_station_long;conv3/st_lazare_station_long
https://bigsoundbank.com/street-and-roads-s0608.html	https://bigsoundbank.com/UPLOAD/mp3/0608.mp3	Joseph Sardin	CC0 1.0	https://bigsoundbank.com/licenses.html	2747d7713fe6b013c37f34a3b46e257f4066d883bd3e79c257434b440b5a4e67	conv1/street_roads_long;conv2/street_roads_long;conv3/street_roads_long
https://bigsoundbank.com/technical-room-of-an-industry-s0504.html	https://bigsoundbank.com/UPLOAD/mp3/0504.mp3	Joseph Sardin	CC0 1.0	https://bigsoundbank.com/licenses.html	97cdab48fba3a5ed7363aaa13caeecd9ca216e8266f3cb835217b4e2eafeb22f	conv1/technical_room;conv2/technical_room;conv3/technical_room
https://bigsoundbank.com/underground-parking-s0604.html	https://bigsoundbank.com/UPLOAD/mp3/0604.mp3	Joseph Sardin	CC0 1.0	https://bigsoundbank.com/licenses.html	a7e384bac39d60ea12b000cd78399b7a207dc02d44d9b7e0f14fee9140fe30bc	conv1/underground_parking_long;conv2/underground_parking_long;conv3/underground_parking_long
https://bigsoundbank.com/urban-works-1-s3526.html	https://bigsoundbank.com/UPLOAD/mp3/3526.mp3	Axeline T.	CC0 1.0	https://bigsoundbank.com/licenses.html	21d280bcf7508a40660f7b036e16c276e287668e38cee956cde3e44a991861ef	conv1/urban_works_long;conv2/urban_works_long;conv3/urban_works_long
https://bigsoundbank.com/wake-birds-3-s0999.html	https://bigsoundbank.com/UPLOAD/mp3/0999.mp3	Joseph Sardin	CC0 1.0	https://bigsoundbank.com/licenses.html	2474a0380737dd26c16844d8d377bd982e10a291dfdc81caf1aa961aa084f0c1	conv1/birds_waking_long;conv2/birds_waking_long;conv3/birds_waking_long
https://bigsoundbank.com/wind-turbine-5-s3226.html	https://bigsoundbank.com/UPLOAD/mp3/3226.mp3	Joseph Sardin & Axeline T.	CC0 1.0	https://bigsoundbank.com/licenses.html	88e21ad424bd9019391834fe62732a41d65b77bc0b94dde1f6cc652bc57796d9	conv1/wind_turbine_long;conv2/wind_turbine_long;conv3/wind_turbine_long
https://bigsoundbank.com/wind-turbine-contact-1-s3224.html	https://bigsoundbank.com/UPLOAD/mp3/3224.mp3	Joseph Sardin & Axeline T.	CC0 1.0	https://bigsoundbank.com/licenses.html	58e47c82ffdd02103ed1e12ca36b0fc6fdec706a301f855414e98d8b0b8fdfd4	conv1/wind_turbine_contact_long;conv2/wind_turbine_contact_long;conv3/wind_turbine_contact_long
https://commons.wikimedia.org/w/index.php?curid=137896720	https://upload.wikimedia.org/wikipedia/commons/b/b5/Snf024_modelofchristiancharity_winthrop_pga.ogg	Libravox, Progressing America	CC0 1.0	https://creativecommons.org/publicdomain/zero/1.0/	eb2ceae76bec6150b7b86ef79fd4898fc54c0d8697c0b4965669880a12107d6a	conv5/model_christian_charity;conv9/model_christian_charity
https://commons.wikimedia.org/w/index.php?curid=44144182	https://upload.wikimedia.org/wikipedia/commons/a/a4/Chopin_-_Piano_Concerto_no._1%2C_Op._11_%28string_quartet%29-2.ogg	Frédéric Chopin	CC0 1.0	https://creativecommons.org/publicdomain/zero/1.0/	c842d7300597c1737e8e3332d48d3f2924970e25fa66e7f7d4b307b8e9fd3b3e	conv10-list/conv10/chopin_string_quartet;conv10/chopin_string_quartet;conv9/chopin_string_quartet
https://freesound.org/people/AGFX/sounds/735541	https://cdn.freesound.org/previews/735/735541_50975-hq.mp3	AGFX	Creative Commons 0	https://creativecommons.org/publicdomain/zero/1.0/	59fbd2aa6a86e5654521cf53d66ec36f66de65257a29890cf44638dac04485ca	conv10-list/conv10/gifu_pipe_organ;conv10/gifu_pipe_organ;conv9/gifu_pipe_organ
https://freesound.org/people/AKkingStudio/sounds/582683	https://cdn.freesound.org/previews/582/582683_10842165-hq.mp3	AKkingStudio	Creative Commons 0	https://creativecommons.org/publicdomain/zero/1.0/	e3e6269105020974fcc01aaffe7057789716d6ada864f0abbf70512e658f5e50	conv10-list/conv8/bee_buzz_short;conv7/bee_buzz_short;conv8/bee_buzz_short
https://freesound.org/people/AVstudent/sounds/344993	https://cdn.freesound.org/previews/344/344993_5610899-hq.mp3	AVstudent	Creative Commons 0	https://creativecommons.org/publicdomain/zero/1.0/	8735565609aeaa0190742565800a9dbf7f9405743a28b2624de041d68975369f	conv4/lightning_recording;conv9/lightning_recording
https://freesound.org/people/Alcappuccino/sounds/320460	https://cdn.freesound.org/previews/320/320460_4536481-hq.mp3	Alcappuccino	Creative Commons 0	https://creativecommons.org/publicdomain/zero/1.0/	10909aab763136e681e8bf6c7a38b4e819fc5339379fde876abaa95a43780c00	conv1/metro_platform;conv2/metro_platform;conv3/metro_platform
https://freesound.org/people/Ali@k/sounds/128907	https://cdn.freesound.org/previews/128/128907_202371-hq.mp3	Ali@k	Creative Commons 0	https://creativecommons.org/publicdomain/zero/1.0/	44430d922bcf807c73c99f714cd42380b8e395a9c13685d2c836fc383a32e29b	conv4/rain_storm
https://freesound.org/people/Andrewkn/sounds/404460	https://cdn.freesound.org/previews/404/404460_7038073-hq.mp3	Andrewkn	Creative Commons 0	https://creativecommons.org/publicdomain/zero/1.0/	983c8dfc1fb941b24329a7b8a9f9064b2a64349a45c65c7fd9e33e607110a705	conv4/warm_evening
https://freesound.org/people/Andy_Gardner/sounds/251444	https://cdn.freesound.org/previews/251/251444_2254206-hq.mp3	Andy_Gardner	Creative Commons 0	https://creativecommons.org/publicdomain/zero/1.0/	a1abf85b37bd19ab4d98b543a6e3fb1dc697e4aa5fb20e06218f407541dc7ea0	conv10-list/conv8/arran_ferry_long;conv7/arran_ferry_long;conv8/arran_ferry_long
https://freesound.org/people/AngeloRizzo/sounds/717150	https://cdn.freesound.org/previews/717/717150_11962990-hq.mp3	AngeloRizzo	Creative Commons 0	https://creativecommons.org/publicdomain/zero/1.0/	5759c905556dee0e9577a2dc2e5e598d2e527c9f618647b70cfd9514e9fc5428	conv4/gentle_piano
https://freesound.org/people/Astounded/sounds/483127	https://cdn.freesound.org/previews/483/483127_10201334-hq.mp3	Astounded	Creative Commons 0	https://creativecommons.org/publicdomain/zero/1.0/	afedfebe43fd65dc182bffbe0fd087365a9d21517c0513e98c5d15fc3916eaf6	conv6/gap_cathedral
https://freesound.org/people/Audeption/sounds/425174	https://cdn.freesound.org/previews/425/425174_8323418-hq.mp3	Audeption	Creative Commons 0	https://creativecommons.org/publicdomain/zero/1.0/	ccc82c699d1e4433a98e5f90feb9454a9acdab27b12b15804d28832083a329e1	conv4/heavy_rain_thunder
https://freesound.org/people/Auxide_Audio/sounds/588179	https://cdn.freesound.org/previews/588/588179_13207434-hq.mp3	Auxide_Audio	Creative Commons 0	https://creativecommons.org/publicdomain/zero/1.0/	939566ff3147d8fbddcb8ad0ea0ad87b7f303be623bac379c47587626e71b2d1	conv10-list/conv8/mountain_river_long;conv7/mountain_river_long;conv8/mountain_river_long
https://freesound.org/people/AxelTheCocker02/sounds/733614	https://cdn.freesound.org/previews/733/733614_15430596-hq.mp3	AxelTheCocker02	Creative Commons 0	https://creativecommons.org/publicdomain/zero/1.0/	cf4df6131f0d5fe1491e2ff053cec0ca11b7b14e2d60e6e84d2e77c1ffb3e2ea	conv5/stadium_crowd_sing
https://freesound.org/people/BitsyMcNics/sounds/251645	https://cdn.freesound.org/previews/251/251645_2470637-hq.mp3	BitsyMcNics	Creative Commons 0	https://creativecommons.org/publicdomain/zero/1.0/	5c96cff3a094dcde1c9fd3d9b2e16eeb32c78935174d96257673029dacb261b7	conv10-list/conv10/woodshop_process;conv10/woodshop_process;conv9/woodshop_process
https://freesound.org/people/BonnyOrbit/sounds/484337	https://cdn.freesound.org/previews/484/484337_5902878-hq.mp3	BonnyOrbit	Creative Commons 0	https://creativecommons.org/publicdomain/zero/1.0/	270c9d5ecb507f56fb485a0f4c24438bde73e908b12278ad9e5ae5d06322c894	conv6/fireplace_burning;conv9/fireplace_burning
https://freesound.org/people/BrainClaim/sounds/273804	https://cdn.freesound.org/previews/273/273804_4875045-hq.mp3	BrainClaim	Creative Commons 0	https://creativecommons.org/publicdomain/zero/1.0/	e6f90db7f19f19b293a4369fc9764ef0c37c5d2cba84e9742466d6741e254df9	conv10-list/conv10/christe_choir;conv10/christe_choir;conv9/christe_choir
https://freesound.org/people/Breviceps/sounds/573585	https://cdn.freesound.org/previews/573/573585_9159316-hq.mp3	Breviceps	Creative Commons 0	https://creativecommons.org/publicdomain/zero/1.0/	abe49d0c2328906c666e232f98216ee5627f05e670657435e6c5a78d7079fee1	conv7/river_rapids_short;conv8/river_rapids_short
https://freesound.org/people/Bruce%20Burbank/sounds/136596	https://cdn.freesound.org/previews/136/136596_2115643-hq.mp3	Bruce Burbank	Creative Commons 0	https://creativecommons.org/publicdomain/zero/1.0/	1fc6c3bf4c997297604c637f4374f431def5a8f726e752b8b14dbeb3d2fb2197	conv10-list/conv10/thunder_mountain;conv10/thunder_mountain;conv9/thunder_mountain
https://freesound.org/people/BuddhaMaster/sounds/62915	https://cdn.freesound.org/previews/62/62915_833057-hq.mp3	BuddhaMaster	Creative Commons 0	https://creativecommons.org/publicdomain/zero/1.0/	e3ab6ba99e6a5d2dddebcfa99811da407e36b9fbe265d076f03f106c1bd2463c	conv5/scrap_metal_processing
https://freesound.org/people/Cigaro30/sounds/725041	https://cdn.freesound.org/previews/725/725041_3890135-hq.mp3	Cigaro30	Creative Commons 0	https://creativecommons.org/publicdomain/zero/1.0/	d7e36f979699aebb683b4112263bd2f9bc88980cc074c0dd027e30b3618f0cc3	conv10-list/conv8/sheep_barn_short;conv7/sheep_barn_short;conv8/sheep_barn_short
https://freesound.org/people/Cornwallis89/sounds/244591	https://cdn.freesound.org/previews/244/244591_1740002-hq.mp3	Cornwallis89	Creative Commons 0	https://creativecommons.org/publicdomain/zero/1.0/	7cecdbaca16b21658b34c8df51a7f3b7ad1b005b351879798defc54d1b4ad940	conv5/gravel_walking
https://freesound.org/people/Cornwallis89/sounds/244592	https://cdn.freesound.org/previews/244/244592_1740002-hq.mp3	Cornwallis89	Creative Commons 0	https://creativecommons.org/publicdomain/zero/1.0/	fac42ddd8968d25f6e977dc5dc8775c5a225ceaf8cb3d9009d7fa27f380e44fa	conv5/concrete_walking
https://freesound.org/people/Cunningar0807/sounds/394288	https://cdn.freesound.org/previews/394/394288_5442183-hq.mp3	Cunningar0807	Creative Commons 0	https://creativecommons.org/publicdomain/zero/1.0/	17019384bedc6938b2c8b93c4818a3b91ba52e9b7cee57416a8076ceceab40ed	conv4/sad_violin
https://freesound.org/people/DisasterServices/sounds/252793	https://cdn.freesound.org/previews/252/252793_3873802-hq.mp3	DisasterServices	Creative Commons 0	https://creativecommons.org/publicdomain/zero/1.0/	18b60e6784474fc14f76379540c4e268e38a4dbf4e49e568cd25b00809dac145	conv6/heidelberg_letterpress;conv9/heidelberg_letterpress
https://freesound.org/people/Doctor_Dreamchip/sounds/436507	https://cdn.freesound.org/previews/436/436507_8462944-hq.mp3	Doctor_Dreamchip	Creative Commons 0	https://creativecommons.org/publicdomain/zero/1.0/	530dd450c12e92539ff9d8df96f351d6afed1f1944191811e7388c944a072a0e	conv6/kids_arcade_room;conv9/kids_arcade_room
https://freesound.org/people/DogOmlet/sounds/209818	https://cdn.freesound.org/previews/209/209818_896249-hq.mp3	DogOmlet	Creative Commons 0	https://creativecommons.org/publicdomain/zero/1.0/	a88a4b835b94bd29fc287791e41ae3d3cf6107baf28c202a6843750a76d7b3c7	conv10-list/conv8/frozen_lake_crack_short;conv7/frozen_lake_crack_short;conv8/frozen_lake_crack_short
https://freesound.org/people/DylanTheFish/sounds/463250	https://cdn.freesound.org/previews/463/463250_7482766-hq.mp3	DylanTheFish	Creative Commons 0	https://creativecommons.org/publicdomain/zero/1.0/	436966ec50a17b5e4f7e537cf15d743b2954e918279dcb6c957233858e1930bb	conv1/nasa_splashdown;conv2/nasa_splashdown;conv3/nasa_splashdown
https://freesound.org/people/EpicWizard/sounds/386984	https://cdn.freesound.org/previews/386/386984_2291325-hq.mp3	EpicWizard	Creative Commons 0	https://creativecommons.org/publicdomain/zero/1.0/	7a7eeea949142d17246b27e79aa5620bfedeef910fe29ca9a98e2f3d826aa3c2	conv5/serbia_rally
https://freesound.org/people/EricsSoundschmiede/sounds/447813	https://cdn.freesound.org/previews/447/447813_1106446-hq.mp3	EricsSoundschmiede	Creative Commons 0	https://creativecommons.org/publicdomain/zero/1.0/	9301c6f5e4f23c9d24166546f323bd2a75e6c97fa884dbe1744901e10b62ccef	conv5/autumn_forest_walk;conv9/autumn_forest_walk
https://freesound.org/people/Fission9/sounds/465314	https://cdn.freesound.org/previews/465/465314_9395330-hq.mp3	Fission9	Creative Commons 0	https://creativecommons.org/publicdomain/zero/1.0/	d42bcc773b87bd18524d9fb18a45d7fa3b5b987ca8ec56745118f599f0b0921b	conv4/single_thunder
https://freesound.org/people/FreeToUseSounds/sounds/394173	https://cdn.freesound.org/previews/394/394173_7266967-hq.mp3	FreeToUseSounds	Creative Commons 0	https://creativecommons.org/publicdomain/zero/1.0/	d149ae306e586372f5421bcb96b1025ec020a8d8aa2e047886058be71bbef1b9	conv10-list/conv8/stuttgart_airport_long;conv7/stuttgart_airport_long;conv8/stuttgart_airport_long
https://freesound.org/people/GaryQ/sounds/128291	https://cdn.freesound.org/previews/128/128291_1931452-hq.mp3	GaryQ	Creative Commons 0	https://creativecommons.org/publicdomain/zero/1.0/	9133205d72ad12d17fc5b870fec30db714200604caac4449737a54a8fcfdc565	conv10-list/conv8/cafeteria_long;conv7/cafeteria_long;conv8/cafeteria_long
https://freesound.org/people/Gniffelbaf/sounds/76377	https://cdn.freesound.org/previews/76/76377_303507-hq.mp3	Gniffelbaf	Creative Commons 0	https://creativecommons.org/publicdomain/zero/1.0/	58404f6e997a7fe1b9ed059c0d3165e86f9b47215d4738723ca59049b901c95e	conv4/amsterdam_night
https://freesound.org/people/Greensand_Sound_Archive/sounds/569058	https://cdn.freesound.org/previews/569/569058_12765754-hq.mp3	Greensand_Sound_Archive	Creative Commons 0	https://creativecommons.org/publicdomain/zero/1.0/	b2ce78b97bedd5f825d8b910192a6ec133ec1bb74f6c2afcdc9ecc3b3b5a5e25	conv5/park_walk
https://freesound.org/people/ID_23/sounds/680647	https://cdn.freesound.org/previews/680/680647_2582565-hq.mp3	ID_23	Creative Commons 0	https://creativecommons.org/publicdomain/zero/1.0/	812ac2446d5ed044acde79e62d5bb68b9f06f928cee51f5caa731a19400324d4	conv6/substation_hum;conv9/substation_hum
https://freesound.org/people/INNORECORDS/sounds/457447	https://cdn.freesound.org/previews/457/457447_9518146-hq.mp3	INNORECORDS	Creative Commons 0	https://creativecommons.org/publicdomain/zero/1.0/	7954cef375e6defd7143960a987e395fff8061b18543ceb912d01fd7be9f925c	conv5/party_tent_rain
https://freesound.org/people/IanStarGem/sounds/272265	https://cdn.freesound.org/previews/272/272265_4965320-hq.mp3	IanStarGem	Creative Commons 0	https://creativecommons.org/publicdomain/zero/1.0/	fa48e9d824d78fdedcccb5c227d0bd331f5cfa3c44e7dccc8389936982da2bd8	conv5/factory_fan
https://freesound.org/people/InspectorJ/sounds/485621	https://cdn.freesound.org/previews/485/485621_5121236-hq.mp3	InspectorJ	Creative Commons 0	https://creativecommons.org/publicdomain/zero/1.0/	17cbbf6ef506e4fad29a293440c4b549143b59562e132b700b1bbf709c3ffb59	conv10-list/conv8/climate_strike_long;conv7/climate_strike_long;conv8/climate_strike_long
https://freesound.org/people/Ionizing/sounds/19283	https://cdn.freesound.org/previews/19/19283_59536-hq.mp3	Ionizing	Creative Commons 0	https://creativecommons.org/publicdomain/zero/1.0/	de782f12d4ec0ed58398779a71c8a6b47faeca08aaa2f365e0914cf701ab2fbb	conv4/may_thunderstorm
https://freesound.org/people/JavierSerrat/sounds/464187	https://cdn.freesound.org/previews/464/464187_3518208-hq.mp3	JavierSerrat	Creative Commons 0	https://creativecommons.org/publicdomain/zero/1.0/	5e4b2ca5f54e5c0f578215fda2dc41a533d8e78b54294c50543511a5f9b4e8f8	conv10-list/conv8/underwater_bubbles_short;conv7/underwater_bubbles_short;conv8/underwater_bubbles_short
https://freesound.org/people/Jess_Weddle_6121/sounds/695936	https://cdn.freesound.org/previews/695/695936_15107438-hq.mp3	Jess_Weddle_6121	Creative Commons 0	https://creativecommons.org/publicdomain/zero/1.0/	0c57a5e0bca7e362744d12f7fdb85c3843967c3d6438df21b6503301d6707704	conv4/florence_city_walk
https://freesound.org/people/Johnnie_Holiday/sounds/568142	https://cdn.freesound.org/previews/568/568142_4819210-hq.mp3	Johnnie_Holiday	Creative Commons 0	https://creativecommons.org/publicdomain/zero/1.0/	79ddf8351f2dabc66d477eb58cb268be251f3c94d3120e6938b1b1701249e6d2	conv10-list/conv10/handpan_strikes;conv10/handpan_strikes
https://freesound.org/people/JollityFarm/sounds/218169	https://cdn.freesound.org/previews/218/218169_745129-hq.mp3	JollityFarm	Creative Commons 0	https://creativecommons.org/publicdomain/zero/1.0/	3e52c0a87101e65b53f0714b7e5c03bb49d5dc6ef98aef6c639ef9f417ead13b	conv4/chennai_traffic;conv9/chennai_traffic
https://freesound.org/people/Kinoton/sounds/393560	https://cdn.freesound.org/previews/393/393560_2247456-hq.mp3	Kinoton	Creative Commons 0	https://creativecommons.org/publicdomain/zero/1.0/	af7fedfdca260d52045f0ac0cc8c1a7b11dd8685bd180354a635ffa19f44bff2	conv4/heavy_rain_b
https://freesound.org/people/Kinoton/sounds/495269	https://cdn.freesound.org/previews/495/495269_2247456-hq.mp3	Kinoton	Creative Commons 0	https://creativecommons.org/publicdomain/zero/1.0/	f2d56b008f9c2274425b997b00169cf9b8e1911f51ba605721c0312633c28560	conv10-list/conv10/building_demolition;conv10/building_demolition;conv9/building_demolition
https://freesound.org/people/Kostrava/sounds/434507	https://cdn.freesound.org/previews/434/434507_1134415-hq.mp3	Kostrava	Creative Commons 0	https://creativecommons.org/publicdomain/zero/1.0/	a6c7c1f4c46e73abe22ab4ed68768574bac7a5be80ea91bbe126254ca063930a	conv5/industrial_machine_tone;conv9/industrial_machine_tone
https://freesound.org/people/Lewente/sounds/393398	https://cdn.freesound.org/previews/393/393398_5416641-hq.mp3	Lewente	Creative Commons 0	https://creativecommons.org/publicdomain/zero/1.0/	1a25b89da163e596ddb2e96439600cea8f08b672191f360f2fc12b02298a807b	conv5/industrial_ambience
https://freesound.org/people/LloydEvans09/sounds/185816	https://cdn.freesound.org/previews/185/185816_2567799-hq.mp3	LloydEvans09	Creative Commons 0	https://creativecommons.org/publicdomain/zero/1.0/	fd0e232a8124452fd009ca2a677d468c85981ea4001c901a77d554f9bb6584fc	conv6/creaky_dock_hydrophone;conv9/creaky_dock_hydrophone
https://freesound.org/people/LolitaPerdurabo/sounds/394596	https://cdn.freesound.org/previews/394/394596_1854719-hq.mp3	LolitaPerdurabo	Creative Commons 0	https://creativecommons.org/publicdomain/zero/1.0/	49a7f3b5565ab788b51931d6330a875a7311a0d32eda4991857ff8b43804e4b0	conv10-list/conv10/flooded_mine;conv10/flooded_mine;conv9/flooded_mine
https://freesound.org/people/MFJ0/sounds/638928	https://cdn.freesound.org/previews/638/638928_13178666-hq.mp3	MFJ0	Creative Commons 0	https://creativecommons.org/publicdomain/zero/1.0/	076a0e07d26f53ea3b20f6f2970f7454d621f80fb03d5cb93fa784f1dbbb0a5b	conv1/distant_train;conv2/distant_train;conv3/distant_train
https://freesound.org/people/MPooman/sounds/688778	https://cdn.freesound.org/previews/688/688778_14220990-hq.mp3	MPooman	Creative Commons 0	https://creativecommons.org/publicdomain/zero/1.0/	41a5d848e85b458b331cb559179b9b5a250f7b83d32a4f8d8e2fc43c0b82a937	conv10-list/conv10/barcelona_gate_pa;conv10/barcelona_gate_pa;conv9/barcelona_gate_pa
https://freesound.org/people/Michael-DB/sounds/338320	https://cdn.freesound.org/previews/338/338320_4977896-hq.mp3	Michael-DB	Creative Commons 0	https://creativecommons.org/publicdomain/zero/1.0/	5a1c1462c404dd47403978247f9a3939aa360853fa26d228713948fba4d4f909	conv10-list/conv10/didgeridoo_shaker_drum;conv10/didgeridoo_shaker_drum;conv9/didgeridoo_shaker_drum
https://freesound.org/people/MusicByMisterbates/sounds/603711	https://cdn.freesound.org/previews/603/603711_3968818-hq.mp3	MusicByMisterbates	Creative Commons 0	https://creativecommons.org/publicdomain/zero/1.0/	1b8d29d725f7886375da8f0ebe778ab7559a60dd05ffb8c3297da8f9b39184ea	conv4/spiritual_ambient;conv9/spiritual_ambient
https://freesound.org/people/NebulousRoyale/sounds/343740	https://cdn.freesound.org/previews/343/343740_2695787-hq.mp3	NebulousRoyale	Creative Commons 0	https://creativecommons.org/publicdomain/zero/1.0/	2702a60a553beae27c38ae50653564ca6324b5fe56a037fb1d752b46c5cc3bb4	conv6/shortwave_static_six;conv9/shortwave_static_six
https://freesound.org/people/NigelNormal/sounds/343790	https://cdn.freesound.org/previews/343/343790_5159233-hq.mp3	NigelNormal	Creative Commons 0	https://creativecommons.org/publicdomain/zero/1.0/	b8bd48bfb62f8219c8388eb1ca6b4ccbb00bd3358a0fe7e44de313912732a0be	conv6/choir_single_notes
https://freesound.org/people/Nimlos/sounds/359151	https://cdn.freesound.org/previews/359/359151_4710044-hq.mp3	Nimlos	Creative Commons 0	https://creativecommons.org/publicdomain/zero/1.0/	0d46926125d8bd1bd82d4448023b54022718e1773c7fb881663420e82b9e214c	conv4/rain_thunder
https://freesound.org/people/Pfannkuchn/sounds/360632	https://cdn.freesound.org/previews/360/360632_627541-hq.mp3	Pfannkuchn	Creative Commons 0	https://creativecommons.org/publicdomain/zero/1.0/	210fcfe7aeb7f9400c43fc368e625be706940b55ca3da867edf53dd59aa4f387	conv10-list/conv8/marina_noon_short;conv7/marina_noon_short;conv8/marina_noon_short
https://freesound.org/people/Pfannkuchn/sounds/360633	https://cdn.freesound.org/previews/360/360633_627541-hq.mp3	Pfannkuchn	Creative Commons 0	https://creativecommons.org/publicdomain/zero/1.0/	a00ece6be38102f6c700deb91179b8c500845fdafa0cfb3ae1ae06c4f2188168	conv10-list/conv8/marina_boats_long;conv7/marina_boats_long;conv8/marina_boats_long;conv9/marina_boats_long
https://freesound.org/people/PostProdDog/sounds/537809	https://cdn.freesound.org/previews/537/537809_6911631-hq.mp3	PostProdDog	Creative Commons 0	https://creativecommons.org/publicdomain/zero/1.0/	e022e54578b39abcdf10d644729d109bc9159bbbf3373b3059d030a7a757cc75	conv10-list/conv8/washer_coins_short;conv7/washer_coins_short;conv8/washer_coins_short
https://freesound.org/people/PostProdDog/sounds/537812	https://cdn.freesound.org/previews/537/537812_6911631-hq.mp3	PostProdDog	Creative Commons 0	https://creativecommons.org/publicdomain/zero/1.0/	924631177bd6ea7636b439fb1fcdb1daafe2ef496912ef8541689b4d373dd349	conv6/laundromat_coin_sorter
https://freesound.org/people/Quistard/sounds/174118	https://cdn.freesound.org/previews/174/174118_2378802-hq.mp3	Quistard	Creative Commons 0	https://creativecommons.org/publicdomain/zero/1.0/	e2da8f6f724fe5f35539d547985734e15feac475fc23b85d408851e52cea3439	conv10-list/conv8/cathedral_room_long;conv7/cathedral_room_long;conv8/cathedral_room_long;conv9/cathedral_room_long
https://freesound.org/people/Quistard/sounds/174279	https://cdn.freesound.org/previews/174/174279_2378802-hq.mp3	Quistard	Creative Commons 0	https://creativecommons.org/publicdomain/zero/1.0/	203c82d9872dda9a4c5c4c4c687b7dc790f2d97ca94cdff6eb0e9483c4c7af52	conv6/cathedral_ambience
https://freesound.org/people/RavenWolfProds/sounds/501008	https://cdn.freesound.org/previews/501/501008_9619518-hq.mp3	RavenWolfProds	Creative Commons 0	https://creativecommons.org/publicdomain/zero/1.0/	7b7b317ae3dd550df5b10d15dfbfaade8ad0fded88303c9b45a0d3ed0aff1281	conv5/living_room_rain
https://freesound.org/people/Romariogrande/sounds/639495	https://cdn.freesound.org/previews/639/639495_3663903-hq.mp3	Romariogrande	Creative Commons 0	https://creativecommons.org/publicdomain/zero/1.0/	5cc268bfff00ac175a3ea34be228b39509924537d0a15016cb08a83eb8ce2315	conv4/ambient_voyager
https://freesound.org/people/SKrafft/sounds/681366	https://cdn.freesound.org/previews/681/681366_5752443-hq.mp3	SKrafft	Creative Commons 0	https://creativecommons.org/publicdomain/zero/1.0/	b70c6b41cf5f9b2e7225f84e3bf1667618784bdd09afb2e1c369f93b30cd33cb	conv1/campfire;conv2/campfire;conv3/campfire
https://freesound.org/people/Seth_Makes_Sounds/sounds/672440	https://cdn.freesound.org/previews/672/672440_13228046-hq.mp3	Seth_Makes_Sounds	Creative Commons 0	https://creativecommons.org/publicdomain/zero/1.0/	8f7771939616bf708c99fc6db6c80e426c2b747b707b4f8220fd917d69e8c816	conv5/ambient_dance;conv9/ambient_dance
https://freesound.org/people/Seth_Makes_Sounds/sounds/685302	https://cdn.freesound.org/previews/685/685302_13228046-hq.mp3	Seth_Makes_Sounds	Creative Commons 0	https://creativecommons.org/publicdomain/zero/1.0/	8693ca74095285669c31dcc29580c7151d8b8ba93b3ae1160321f263d08b7d9b	conv4/ambient_guitar;conv9/ambient_guitar
https://freesound.org/people/SieuAmThanh/sounds/423647	https://cdn.freesound.org/previews/423/423647_7554526-hq.mp3	SieuAmThanh	Creative Commons 0	https://creativecommons.org/publicdomain/zero/1.0/	440fa43451105c2da2b9863c511897db1a63bac6ddb763e9eb60ab313a83e6cf	conv10-list/conv10/gamelan_court;conv10/gamelan_court;conv9/gamelan_court
https://freesound.org/people/SoundEnsemble/sounds/516654	https://cdn.freesound.org/previews/516/516654_3662372-hq.mp3	SoundEnsemble	Creative Commons 0	https://creativecommons.org/publicdomain/zero/1.0/	43c018a55b30a64cdb31a231ed97336216540b49abcb5d7c226bd3f05732ad6d	conv9/varanasi_tabla
https://freesound.org/people/SoundsLikeJoe/sounds/624512	https://cdn.freesound.org/previews/624/624512_9083-hq.mp3	SoundsLikeJoe	Creative Commons 0	https://creativecommons.org/publicdomain/zero/1.0/	9e913ad0b34f0cde52b0338ef45cc4085aa0422ce964a6c26d57c001abc14806	conv10-list/conv10/cappuccino_process;conv10/cappuccino_process;conv9/cappuccino_process
https://freesound.org/people/SpeedY/sounds/17055	https://cdn.freesound.org/previews/17/17055_6479-hq.mp3	SpeedY	Creative Commons 0	https://creativecommons.org/publicdomain/zero/1.0/	9201f5415463b8b29ac746fb3f8333cf5d46e894ba76b5d138982a5093b3ef77	conv4/full_thunderstorm;conv9/full_thunderstorm
https://freesound.org/people/TRP/sounds/574094	https://cdn.freesound.org/previews/574/574094_97550-hq.mp3	TRP	Creative Commons 0	https://creativecommons.org/publicdomain/zero/1.0/	a7cc3c499b7f5591b1f8a75f734e597526eba80af9eb639cd95d55535c2f937b	conv6/horse_barn_eating
https://freesound.org/people/TRP/sounds/717434	https://cdn.freesound.org/previews/717/717434_97550-hq.mp3	TRP	Creative Commons 0	https://creativecommons.org/publicdomain/zero/1.0/	db25be08373bb260ec71cbdec57ff4953eab5a513666d5ed2ef9f8db0359e954	conv10-list/conv10/cattle_auction;conv10/cattle_auction;conv9/cattle_auction
https://freesound.org/people/TheScriabin/sounds/404952	https://cdn.freesound.org/previews/404/404952_3480533-hq.mp3	TheScriabin	Creative Commons 0	https://creativecommons.org/publicdomain/zero/1.0/	c0470776e230c2b3eacb72b6d09e6a130226d7c0bc3fbe7fb9bd50bdd66f4e23	conv10-list/conv10/spanish_guitar_improvisation;conv10/spanish_guitar_improvisation
https://freesound.org/people/ThisPlaceAgain/sounds/402698	https://cdn.freesound.org/previews/402/402698_7130877-hq.mp3	ThisPlaceAgain	Creative Commons 0	https://creativecommons.org/publicdomain/zero/1.0/	38f1c626e7f256ddd8c13531d55aaf478a92e3b7a065bcfe34646c1513fbf574	conv4/cinematic_piano
https://freesound.org/people/Tineidae/sounds/244389	https://cdn.freesound.org/previews/244/244389_2512043-hq.mp3	Tineidae	Creative Commons 0	https://creativecommons.org/publicdomain/zero/1.0/	c4f8f5248f6bde51d633b9e0c32c1cf65cd42cddfff0af3d97467c7f29a64734	conv5/railway_station_six
https://freesound.org/people/ToXXuS/sounds/591235	https://cdn.freesound.org/previews/591/591235_3669819-hq.mp3	ToXXuS	Creative Commons 0	https://creativecommons.org/publicdomain/zero/1.0/	782c0cc61a05df52121f4f1633908bc4fb4c15584dff2ddfd9803f82cb48f8ac	conv10-list/conv8/terminal_short;conv7/terminal_short;conv8/terminal_short
https://freesound.org/people/Turrus/sounds/242048	https://cdn.freesound.org/previews/242/242048_1675125-hq.mp3	Turrus	Creative Commons 0	https://creativecommons.org/publicdomain/zero/1.0/	af10a61a513b062e2aac3bd57503aa5f2d38bde9bf7d5ca2588be3937a6c9485	conv4/lightning_strike
https://freesound.org/people/Ubehag/sounds/235350	https://cdn.freesound.org/previews/235/235350_3839046-hq.mp3	Ubehag	Creative Commons 0	https://creativecommons.org/publicdomain/zero/1.0/	ecf11e10f594e9d2b5746a31c56ab705aa6ddc34109de23e70d88d8dfed8e71a	conv10-list/conv8/laundrette_long;conv7/laundrette_long;conv8/laundrette_long;conv9/laundrette_long
https://freesound.org/people/Vibratair/sounds/403104	https://cdn.freesound.org/previews/403/403104_7814793-hq.mp3	Vibratair	Creative Commons 0	https://creativecommons.org/publicdomain/zero/1.0/	e15af4eda059ff507ee2ab025cecb95cd244a85d85c2fcb44ed50b20b5a0bea6	conv10-list/conv10/blues_harmonica;conv10/blues_harmonica
https://freesound.org/people/Vibratair/sounds/403113	https://cdn.freesound.org/previews/403/403113_7814793-hq.mp3	Vibratair	Creative Commons 0	https://creativecommons.org/publicdomain/zero/1.0/	82f29d718391c4931fbbe0fce2b88399b90aee39dbab87515a1741a9c8388513	conv9/blues_harmonica
https://freesound.org/people/Vrymaa/sounds/735401	https://cdn.freesound.org/previews/735/735401_13973196-hq.mp3	Vrymaa	Creative Commons 0	https://creativecommons.org/publicdomain/zero/1.0/	6812cef215463194c934d42eeaf0fd8718e9e5e3e4bb6fafd2c7ec1f3a80d88f	conv6/ice_fracture
https://freesound.org/people/Wakerone/sounds/419732	https://cdn.freesound.org/previews/419/419732_7399650-hq.mp3	Wakerone	Creative Commons 0	https://creativecommons.org/publicdomain/zero/1.0/	0c7e26426d08415b06ba7a9f8fe5b9775d23ae020b9798ee7a034df3f165eacf	conv5/indoor_train_station;conv9/indoor_train_station
https://freesound.org/people/Walking.With.Microphones/sounds/556041	https://cdn.freesound.org/previews/556/556041_4835746-hq.mp3	Walking.With.Microphones	Creative Commons 0	https://creativecommons.org/publicdomain/zero/1.0/	026723f2aa88b0c2ce8da0339c0e1b8c034ec00f1b5a02280cf279a3a286ecf4	conv6/drava_river_rapids;conv9/drava_river_rapids
https://freesound.org/people/Yarmonics/sounds/447416	https://cdn.freesound.org/previews/447/447416_9109395-hq.mp3	Yarmonics	Creative Commons 0	https://creativecommons.org/publicdomain/zero/1.0/	603b4c08fa4bad4ea50f183726eeceae7613f0ca3554be64868bb1a110c255d7	conv6/great_yarmouth_arcade
https://freesound.org/people/Yoyodaman234/sounds/331224	https://cdn.freesound.org/previews/331/331224_2792951-hq.mp3	Yoyodaman234	Creative Commons 0	https://creativecommons.org/publicdomain/zero/1.0/	6bbd27d6248788669f6c99c5c11e4bd24d4614b2f637ded67159477ea40e0e51	conv6/ocean_rocks;conv9/ocean_rocks
https://freesound.org/people/adharca/sounds/319253	https://cdn.freesound.org/previews/319/319253_4366671-hq.mp3	adharca	Creative Commons 0	https://creativecommons.org/publicdomain/zero/1.0/	5b791ac157edb5d1ac71a625a389263173cc0cdf4d61db085aec26acc0ecb791	conv10-list/conv8/male_choir_short;conv7/male_choir_short;conv8/male_choir_short
https://freesound.org/people/andymanister/sounds/167809	https://cdn.freesound.org/previews/167/167809_2992826-hq.mp3	andymanister	Creative Commons 0	https://creativecommons.org/publicdomain/zero/1.0/	a62b8c05f0b27964cdecd22c2e7878cecab81bc5686734f104c9da9ad8618fe0	conv9/haydn_cello_concerto
https://freesound.org/people/animatrick/sounds/46711	https://cdn.freesound.org/previews/46/46711_395166-hq.mp3	animatrick	Creative Commons 0	https://creativecommons.org/publicdomain/zero/1.0/	d0a28adc04ad3e00f076d95aafe5f8c8f3404757827c035766d361735fe00358	conv10-list/conv10/cello_improvisation;conv10/cello_improvisation
https://freesound.org/people/arpeggio1980/sounds/529713	https://cdn.freesound.org/previews/529/529713_2010973-hq.mp3	arpeggio1980	Creative Commons 0	https://creativecommons.org/publicdomain/zero/1.0/	0a282417c28ba3594e49bc795d8bc21e76da51bcd07cc6f88c91b73ff90aae37	conv5/museum_footsteps
https://freesound.org/people/avakas/sounds/197125	https://cdn.freesound.org/previews/197/197125_1467893-hq.mp3	avakas	Creative Commons 0	https://creativecommons.org/publicdomain/zero/1.0/	c3a85113c0959c6f3c58ee66380b9549cd85fbdb97b516bb644de0aa7dddf17d	conv5/train_leaves
https://freesound.org/people/be-steele/sounds/128239	https://cdn.freesound.org/previews/128/128239_589889-hq.mp3	be-steele	Creative Commons 0	https://creativecommons.org/publicdomain/zero/1.0/	d5f02ecf69cd6144ca50e151c74cdee227f0a60b408b890a711432fc0e074eb4	conv10-list/conv8/mount_desert_surf_long;conv7/mount_desert_surf_long;conv8/mount_desert_surf_long
https://freesound.org/people/be_a_hero_not_a_patriot/sounds/512791	https://cdn.freesound.org/previews/512/512791_5804919-hq.mp3	be_a_hero_not_a_patriot	Creative Commons 0	https://creativecommons.org/publicdomain/zero/1.0/	519df1abf3c4e8a1ca0b82e3a7528ecf1613327915973b2f3511cafba5b18084	conv10-list/conv10/chainsaw_cycle;conv10/chainsaw_cycle;conv9/chainsaw_cycle
https://freesound.org/people/beanogreen/sounds/613973	https://cdn.freesound.org/previews/613/613973_13583433-hq.mp3	beanogreen	Creative Commons 0	https://creativecommons.org/publicdomain/zero/1.0/	c22c10b3553ca0ea4973d70c940ed1e62b726c77bacab7586a83d1dd15d42cb9	conv4/thunder_storm
https://freesound.org/people/blainksaint/sounds/255160	https://cdn.freesound.org/previews/255/255160_4582995-hq.mp3	blainksaint	Creative Commons 0	https://creativecommons.org/publicdomain/zero/1.0/	4d64d49e8d9a80e1ad47cbb519ffa7af52c0bf21be962abf6cb2bbe128fc9c79	conv5/library_2am
https://freesound.org/people/blaukreuz/sounds/249762	https://cdn.freesound.org/previews/249/249762_623488-hq.mp3	blaukreuz	Creative Commons 0	https://creativecommons.org/publicdomain/zero/1.0/	5531a499735e1f5419c91d4667d0ef5498e3dc915064a5cee06dba79c4c48cb1	conv4/dubrovnik_street
https://freesound.org/people/blaukreuz/sounds/252696	https://cdn.freesound.org/previews/252/252696_623488-hq.mp3	blaukreuz	Creative Commons 0	https://creativecommons.org/publicdomain/zero/1.0/	d826bbfa43b419d51f5b1a8945bdb7358a49852064af9adf2a7cb52b28b8f7fb	conv5/greenwich_food_market;conv9/greenwich_food_market
https://freesound.org/people/blaukreuz/sounds/252698	https://cdn.freesound.org/previews/252/252698_623488-hq.mp3	blaukreuz	Creative Commons 0	https://creativecommons.org/publicdomain/zero/1.0/	a8d56848bf3ba568c9e01776283d2cc1b5e94c2efb79f684d467efd62bcba42b	conv4/london_oxford_street
https://freesound.org/people/blaukreuz/sounds/252708	https://cdn.freesound.org/previews/252/252708_623488-hq.mp3	blaukreuz	Creative Commons 0	https://creativecommons.org/publicdomain/zero/1.0/	df164c1f17bafbf753bff20895564da2dc78b81ea9d94b606bff8b8a962c9c17	conv4/vienna_stefansplatz
https://freesound.org/people/blaukreuz/sounds/397903	https://cdn.freesound.org/previews/397/397903_623488-hq.mp3	blaukreuz	Creative Commons 0	https://creativecommons.org/publicdomain/zero/1.0/	7f6db719def0fb2b897f5ef3de09aba98a7a5cee69375026d3c3d2ac3ed4faf2	conv6/small_ferry_hold;conv9/small_ferry_hold
https://freesound.org/people/blaukreuz/sounds/398850	https://cdn.freesound.org/previews/398/398850_623488-hq.mp3	blaukreuz	Creative Commons 0	https://creativecommons.org/publicdomain/zero/1.0/	a2edce56408373061cdcdc2cba311dcbb2e3f10cf8782528f5607aae5f41ec0e	conv6/medium_ferry_belowdeck
https://freesound.org/people/blaukreuz/sounds/440124	https://cdn.freesound.org/previews/440/440124_623488-hq.mp3	blaukreuz	Creative Commons 0	https://creativecommons.org/publicdomain/zero/1.0/	76747d1ec783ffff71c62387ee809c87e5d538d590c6a411229384c3dfa53133	conv10-list/conv8/printing_hall_long;conv7/printing_hall_long;conv8/printing_hall_long
https://freesound.org/people/blaukreuz/sounds/520234	https://cdn.freesound.org/previews/520/520234_623488-hq.mp3	blaukreuz	Creative Commons 0	https://creativecommons.org/publicdomain/zero/1.0/	c8b68d8e8a97b775f6b5a3dade8dbc9556e73d7de5258dde54945a992cdfc5d8	conv4/marrakesh_square
https://freesound.org/people/bodawei/sounds/610564	https://cdn.freesound.org/previews/610/610564_7446476-hq.mp3	bodawei	Creative Commons 0	https://creativecommons.org/publicdomain/zero/1.0/	bb1e209bf26c79096c62ce842a2cf98c2a964c8de491ed5a7e71122a500627d5	conv9/queen_night_opera
https://freesound.org/people/bruno.auzet/sounds/547982	https://cdn.freesound.org/previews/547/547982_11519060-hq.mp3	bruno.auzet	Creative Commons 0	https://creativecommons.org/publicdomain/zero/1.0/	496a4f42d1475f6423582ca4c56a9e540adb25a01573d13eb995cfad3c25b2fa	conv10-list/conv10/hamburg_church_bells;conv10/hamburg_church_bells;conv9/hamburg_church_bells
https://freesound.org/people/bruno.auzet/sounds/578263	https://cdn.freesound.org/previews/578/578263_11519060-hq.mp3	bruno.auzet	Creative Commons 0	https://creativecommons.org/publicdomain/zero/1.0/	fec6e2613d67eecb3e1c83867f4615720877af349cedeb1b8faca2b208ffa9aa	conv6/bee_colony;conv9/bee_colony
https://freesound.org/people/bruno.auzet/sounds/640196	https://cdn.freesound.org/previews/640/640196_11519060-hq.mp3	bruno.auzet	Creative Commons 0	https://creativecommons.org/publicdomain/zero/1.0/	5db7553f020d35d35aa5cd21ea1527fdb476fcb09e9eef6369848c0144e2d73a	conv5/open_barn_rain
https://freesound.org/people/bruno.auzet/sounds/660694	https://cdn.freesound.org/previews/660/660694_11519060-hq.mp3	bruno.auzet	Creative Commons 0	https://creativecommons.org/publicdomain/zero/1.0/	30b4da8cebcd78c13578c6ada68ddecf78ca5623b7d0c7bfd0ee886820a8c835	conv6/cows_in_barn;conv9/cows_in_barn
https://freesound.org/people/cabled_mess/sounds/345591	https://cdn.freesound.org/previews/345/345591_5450487-hq.mp3	cabled_mess	Creative Commons 0	https://creativecommons.org/publicdomain/zero/1.0/	a7d7df4c3276f2ce4131e481db34e7b3e62c712be4383a4fd8ce9abe82c8d6df	conv5/emotional_synthscape;conv9/emotional_synthscape
https://freesound.org/people/chrscrwfrd18/sounds/157002	https://cdn.freesound.org/previews/157/157002_2394175-hq.mp3	chrscrwfrd18	Creative Commons 0	https://creativecommons.org/publicdomain/zero/1.0/	4cdfe20ad96d8d1c465b76ebfdc7d7d28bc12afbca485ddb7c16cfc158097724	conv4/long_thunderstorm
https://freesound.org/people/chungus43A/sounds/721813	https://cdn.freesound.org/previews/721/721813_12024110-hq.mp3	chungus43A	Creative Commons 0	https://creativecommons.org/publicdomain/zero/1.0/	036cc9351098aa817752646cb1904acd4eb79957b05d1e517bea5e318e04d8b7	conv10-list/conv8/transformer_short;conv7/transformer_short;conv8/transformer_short
https://freesound.org/people/cityrocker/sounds/322026	https://cdn.freesound.org/previews/322/322026_689000-hq.mp3	cityrocker	Creative Commons 0	https://creativecommons.org/publicdomain/zero/1.0/	8a292e13e45c320a6802a2b6a3ba6afe7e5442338ed8b737d4422885a34b3ca7	conv5/jfk_space_race;conv9/jfk_space_race
https://freesound.org/people/cliftonmcarlson/sounds/254130	https://cdn.freesound.org/previews/254/254130_3530854-hq.mp3	cliftonmcarlson	Creative Commons 0	https://creativecommons.org/publicdomain/zero/1.0/	86f8d5719d360d6c642c8b63037de9e34571d37e7be616337cab1f229f85004e	conv6/harbor_ambience
https://freesound.org/people/courter/sounds/448253	https://cdn.freesound.org/previews/448/448253_1224849-hq.mp3	courter	Creative Commons 0	https://creativecommons.org/publicdomain/zero/1.0/	b7d6d3a04406039273731414f55d9bb4d158975093aa84d69fffa326e8015d28	conv4/clear_storm
https://freesound.org/people/cpark12/sounds/347309	https://cdn.freesound.org/previews/347/347309_4029822-hq.mp3	cpark12	Creative Commons 0	https://creativecommons.org/publicdomain/zero/1.0/	41a724b75e001ea31950beb885fbe0dbd75d07f3b1af5f408cd6fdb15ce0b114	conv6/kitchenware_sorting
https://freesound.org/people/craigsmith/sounds/479964	https://cdn.freesound.org/previews/479/479964_2524442-hq.mp3	craigsmith	Creative Commons 0	https://creativecommons.org/publicdomain/zero/1.0/	fdd945bd60d0eb82dcd159a2e669e3ca796ac273a320535b68bcc30faf330c6f	conv6/bowling_alley_archive
https://freesound.org/people/craigsmith/sounds/486185	https://cdn.freesound.org/previews/486/486185_2524442-hq.mp3	craigsmith	Creative Commons 0	https://creativecommons.org/publicdomain/zero/1.0/	b5bbed8dc87177fabce266efe05ed9f0c61de6ea8f77715da88541ada21d2fe3	conv4/busy_city_ambience
https://freesound.org/people/craigsmith/sounds/675015	https://cdn.freesound.org/previews/675/675015_2524442-hq.mp3	craigsmith	Creative Commons 0	https://creativecommons.org/publicdomain/zero/1.0/	bd0305a04a5254533c2030fff7aa60ac37534a624444ff93f8e0ea34020f4709	conv10-list/conv8/tropical_carnival_long;conv7/tropical_carnival_long;conv8/tropical_carnival_long;conv9/tropical_carnival_long
https://freesound.org/people/dagray/sounds/667758	https://cdn.freesound.org/previews/667/667758_126076-hq.mp3	dagray	Creative Commons 0	https://creativecommons.org/publicdomain/zero/1.0/	adc2ef5d1fcbcd8d7b0f186d2ecd5ee3941f007a849e52baf58cdfb6703b87cb	conv6/bowling_alley_room
https://freesound.org/people/dav0r/sounds/151361	https://cdn.freesound.org/previews/151/151361_1303681-hq.mp3	dav0r	Creative Commons 0	https://creativecommons.org/publicdomain/zero/1.0/	5ea58f8241937562857e95fc3ca444cc6db3032af2fb81ecd438da638c8cf1dd	conv9/prepared_toy_piano
https://freesound.org/people/davidnagel/sounds/361099	https://cdn.freesound.org/previews/361/361099_1141663-hq.mp3	davidnagel	Creative Commons 0	https://creativecommons.org/publicdomain/zero/1.0/	b852ca0149b749c9dbe736026647900cd1a46f3fef8f94f50bf3872f50c26733	conv5/underground_walk;conv9/underground_walk
https://freesound.org/people/dendolder/sounds/205839	https://cdn.freesound.org/previews/205/205839_3848664-hq.mp3	dendolder	Creative Commons 0	https://creativecommons.org/publicdomain/zero/1.0/	0443e2a7ebbabd6ad68f066cd0a750727d3045a3083aa2479f8e010d0a1395cc	conv5/freight_train_pass
https://freesound.org/people/dnlburnett/sounds/360758	https://cdn.freesound.org/previews/360/360758_5658680-hq.mp3	dnlburnett	Creative Commons 0	https://creativecommons.org/publicdomain/zero/1.0/	3f1736b8f3db6d8dcafe04406a5b48f9e6ea6e1e078f4d2ae1388f76cfbc8c38	conv6/taxi_protest;conv9/taxi_protest
https://freesound.org/people/dnlburnett/sounds/360759	https://cdn.freesound.org/previews/360/360759_5658680-hq.mp3	dnlburnett	Creative Commons 0	https://creativecommons.org/publicdomain/zero/1.0/	c5bea521c400bfd02a3d1846a5a1ae4d5d6c9b1498c0438fc49f21029ec405d8	conv5/melbourne_library
https://freesound.org/people/eardeer/sounds/416494	https://cdn.freesound.org/previews/416/416494_2155630-hq.mp3	eardeer	Creative Commons 0	https://creativecommons.org/publicdomain/zero/1.0/	c0ef9ef296f26d6b7296a87f81de03f51486e1ac9ba3d20416a5743f25403fc7	conv4/mante_ambient_remix
https://freesound.org/people/ecfike/sounds/128245	https://cdn.freesound.org/previews/128/128245_2337290-hq.mp3	ecfike	Creative Commons 0	https://creativecommons.org/publicdomain/zero/1.0/	91a3f611c2d904144f26fb2279c52d1345489c97ab0d23630a493eba7c361a22	conv1/cathedral_room;conv2/cathedral_room;conv3/cathedral_room
https://freesound.org/people/ecfike/sounds/165290	https://cdn.freesound.org/previews/165/165290_2337290-hq.mp3	ecfike	Creative Commons 0	https://creativecommons.org/publicdomain/zero/1.0/	91c9c7dc6053161aa17826d399906888af39af4584de9da710437a4a12bc3879	conv5/after_the_flu
https://freesound.org/people/exuberate/sounds/140898	https://cdn.freesound.org/previews/140/140898_1810340-hq.mp3	exuberate	Creative Commons 0	https://creativecommons.org/publicdomain/zero/1.0/	3efdf4bf07d276be0fb83e071b1fb947c3bdcd3b2ed1b37e202a843b1532f18b	conv10-list/conv10/near_foghorn;conv10/near_foghorn;conv9/near_foghorn
https://freesound.org/people/f-r-a-g-i-l-e/sounds/679479	https://cdn.freesound.org/previews/679/679479_8466114-hq.mp3	f-r-a-g-i-l-e	Creative Commons 0	https://creativecommons.org/publicdomain/zero/1.0/	3926f8e294b0d5e74936220640df0aa2e853a822996fde6cfb40b0d0120c18cc	conv10-list/conv8/choir_notes_long;conv7/choir_notes_long;conv8/choir_notes_long
https://freesound.org/people/felix.blume/sounds/140350	https://cdn.freesound.org/previews/140/140350_1661766-hq.mp3	felix.blume	Creative Commons 0	https://creativecommons.org/publicdomain/zero/1.0/	09638d0de5580a8c11c39d9ba0f18b2d8fa7fa490739b0d4b7f57cc5956f2708	conv10-list/conv10/peru_new_year_fireworks;conv10/peru_new_year_fireworks;conv9/peru_new_year_fireworks
https://freesound.org/people/felix.blume/sounds/408555	https://cdn.freesound.org/previews/408/408555_1661766-hq.mp3	felix.blume	Creative Commons 0	https://creativecommons.org/publicdomain/zero/1.0/	91ed6d92d38e8027c2f97ee5a735cebafb64ac35d048df65d9914ef476fc7869	conv6/amazonian_dolphins;conv9/amazonian_dolphins
https://freesound.org/people/felix.blume/sounds/411659	https://cdn.freesound.org/previews/411/411659_1661766-hq.mp3	felix.blume	Creative Commons 0	https://creativecommons.org/publicdomain/zero/1.0/	3559b026ea5e42d454b04c5422fd436f3e8485d6fc1a731ebfd1e991764b4a19	conv6/before_choir_rehearsal;conv9/before_choir_rehearsal
https://freesound.org/people/felix.blume/sounds/421973	https://cdn.freesound.org/previews/421/421973_1661766-hq.mp3	felix.blume	Creative Commons 0	https://creativecommons.org/publicdomain/zero/1.0/	4864cc310fe8f9b99c91c1416cfd1983d43dea2212771d2618cfccfafb6fbf22	conv10-list/conv10/marielle_protest;conv10/marielle_protest;conv9/marielle_protest
https://freesound.org/people/felix.blume/sounds/613855	https://cdn.freesound.org/previews/613/613855_1661766-hq.mp3	felix.blume	Creative Commons 0	https://creativecommons.org/publicdomain/zero/1.0/	7a9ce9656806c14988785fb1fe3c8daefed7afbbb0cef42f38e56fb0eba62de3	conv1/nasa_liftoff;conv2/nasa_liftoff;conv3/nasa_liftoff
https://freesound.org/people/felix.blume/sounds/655521	https://cdn.freesound.org/previews/655/655521_1661766-hq.mp3	felix.blume	Creative Commons 0	https://creativecommons.org/publicdomain/zero/1.0/	18ea5025a1c569fab64664e58aea913c1dd07b02d08e99cb3afb4e31ccd685ae	conv10-list/conv8/barn_ambience_long;conv7/barn_ambience_long;conv8/barn_ambience_long
https://freesound.org/people/felix.blume/sounds/667197	https://cdn.freesound.org/previews/667/667197_1661766-hq.mp3	felix.blume	Creative Commons 0	https://creativecommons.org/publicdomain/zero/1.0/	04c424e62f94c2cccf63e590d918b0228079b80e96e6513fcea70f17a4b8b800	conv5/park_traffic_people
https://freesound.org/people/felix.blume/sounds/706146	https://cdn.freesound.org/previews/706/706146_1661766-hq.mp3	felix.blume	Creative Commons 0	https://creativecommons.org/publicdomain/zero/1.0/	45ea192393ffe7f009fa1b9c1e673ca2fe74937e26919107a5b584b45e52911f	conv10-list/conv10/hair_salon_tools;conv10/hair_salon_tools;conv9/hair_salon_tools
https://freesound.org/people/fi2lcallpeace/sounds/542621	https://cdn.freesound.org/previews/542/542621_4175983-hq.mp3	fi2lcallpeace	Creative Commons 0	https://creativecommons.org/publicdomain/zero/1.0/	2a8263010c362e639cf64dc34f775b4ea8ea640430266b09ee5902bfd204a479	conv10-list/conv10/hockey_goal;conv10/hockey_goal;conv9/hockey_goal
https://freesound.org/people/florianreichelt/sounds/440602	https://cdn.freesound.org/previews/440/440602_6253486-hq.mp3	florianreichelt	Creative Commons 0	https://creativecommons.org/publicdomain/zero/1.0/	260c75af7ae8af38de5531da3258764e78f56135240ecd17844c6087e7c6de99	conv5/tokyo_metro_train;conv9/tokyo_metro_train
https://freesound.org/people/fredzed/sounds/321577	https://cdn.freesound.org/previews/321/321577_2279089-hq.mp3	fredzed	Creative Commons 0	https://creativecommons.org/publicdomain/zero/1.0/	17ace058cd97ac17cdc0149e828f0a6818bb96a8a85af7af5bac785a540d4fe6	conv10-list/conv8/protest_fx_short;conv7/protest_fx_short;conv8/protest_fx_short
https://freesound.org/people/fredzed/sounds/321578	https://cdn.freesound.org/previews/321/321578_2279089-hq.mp3	fredzed	Creative Commons 0	https://creativecommons.org/publicdomain/zero/1.0/	62fa5400b42ae388772207b809099c9b45601c2af39653c124a3ec3fa31e44a6	conv6/protest_chant
https://freesound.org/people/freelibras/sounds/327445	https://cdn.freesound.org/previews/327/327445_4028726-hq.mp3	freelibras	Creative Commons 0	https://creativecommons.org/publicdomain/zero/1.0/	9e38173c54d7021080fe6cbf66d9a53a6d87ab14b4931962c9411913d83b8e18	conv1/morning_birds;conv2/morning_birds;conv3/morning_birds
https://freesound.org/people/freesoundjon01/sounds/323054	https://cdn.freesound.org/previews/323/323054_2814925-hq.mp3	freesoundjon01	Creative Commons 0	https://creativecommons.org/publicdomain/zero/1.0/	64321998ab13b9f82ed63a5a271db673111c02cf1ad0f4fd4cd8cae6f3e52854	conv1/vienna_tram;conv2/vienna_tram;conv3/vienna_tram
https://freesound.org/people/giddster/sounds/437337	https://cdn.freesound.org/previews/437/437337_1738686-hq.mp3	giddster	Creative Commons 0	https://creativecommons.org/publicdomain/zero/1.0/	e5ff17a2fad3ed705c8e9b025a876c75f4b2e05f9a5800a0aa25f268c6081f83	conv1/singing_tree;conv2/singing_tree;conv3/singing_tree
https://freesound.org/people/gis_sweden/sounds/362764	https://cdn.freesound.org/previews/362/362764_1391542-hq.mp3	gis_sweden	Creative Commons 0	https://creativecommons.org/publicdomain/zero/1.0/	767a139974a55047711f8cb3737de3c6aaf5a225a5cace621b58ac9be29fa0d4	conv10-list/conv10/doepfer_random_melody;conv10/doepfer_random_melody;conv9/doepfer_random_melody
https://freesound.org/people/gladkiy/sounds/333226	https://cdn.freesound.org/previews/333/333226_2364707-hq.mp3	gladkiy	Creative Commons 0	https://creativecommons.org/publicdomain/zero/1.0/	aecefb7fb62c193b16742b6c97bd02ab8287096bffb8eba8e10f8a161b2a04b0	conv6/kuala_lumpur_airport;conv9/kuala_lumpur_airport
https://freesound.org/people/gladkiy/sounds/350355	https://cdn.freesound.org/previews/350/350355_2364707-hq.mp3	gladkiy	Creative Commons 0	https://creativecommons.org/publicdomain/zero/1.0/	0a4e627b1430853845ef8358f28c917a9c19c38f33ea7ad2b4de03c464760935	conv10-list/conv10/astana_brass_band;conv10/astana_brass_band;conv9/astana_brass_band
https://freesound.org/people/habbis92/sounds/256626	https://cdn.freesound.org/previews/256/256626_878508-hq.mp3	habbis92	Creative Commons 0	https://creativecommons.org/publicdomain/zero/1.0/	3e87d9df4233485b03b109a661ab06ff8d68c99d15c35fd0cbaaccbae3d38eae	conv5/euston_station
https://freesound.org/people/huubjeroen/sounds/114052	https://cdn.freesound.org/previews/114/114052_190760-hq.mp3	huubjeroen	Creative Commons 0	https://creativecommons.org/publicdomain/zero/1.0/	bda9e27c9e9a356a0cd80d2d748deada70fcf8dc7d0c83cf15f837c70abd5175	conv10-list/conv10/tennis_match;conv10/tennis_match;conv9/tennis_match
https://freesound.org/people/hz37/sounds/463302	https://cdn.freesound.org/previews/463/463302_123355-hq.mp3	hz37	Creative Commons 0	https://creativecommons.org/publicdomain/zero/1.0/	609277da4f11e3185724d85d9644a3d85cc44a44d00c0a420769df8cc58fa51c	conv10-list/conv8/busy_kitchen_short;conv7/busy_kitchen_short;conv8/busy_kitchen_short
https://freesound.org/people/iccleste/sounds/260815	https://cdn.freesound.org/previews/260/260815_4858376-hq.mp3	iccleste	Creative Commons 0	https://creativecommons.org/publicdomain/zero/1.0/	b2cc033d5bcf600fd8d42d2820a4ab7c56d14cd8f31e81c752447690a3d6ea1d	conv1/nasa_rollout;conv2/nasa_rollout;conv3/nasa_rollout
https://freesound.org/people/iliyabylich04/sounds/651338	https://cdn.freesound.org/previews/651/651338_14128260-hq.mp3	iliyabylich04	Creative Commons 0	https://creativecommons.org/publicdomain/zero/1.0/	24de50d9447545296ed4d06a0cdc4049a51ca9da0757fddcccf267e5a454410b	conv4/toronto_yonge_street
https://freesound.org/people/ilmari_freesound/sounds/649271	https://cdn.freesound.org/previews/649/649271_12458758-hq.mp3	ilmari_freesound	Creative Commons 0	https://creativecommons.org/publicdomain/zero/1.0/	3fea47eaa43e0aeba647b16e5dd2d093e5049765997aa53c7fbb273d66390cc7	conv4/xichang_flea_market
https://freesound.org/people/iskweldog/sounds/216060	https://cdn.freesound.org/previews/216/216060_2250170-hq.mp3	iskweldog	Creative Commons 0	https://creativecommons.org/publicdomain/zero/1.0/	f438b14157f534c07f15b646a5ec3d2273a40fa807219d399099568c6241de85	conv4/ambient_india
https://freesound.org/people/ivolipa/sounds/337100	https://cdn.freesound.org/previews/337/337100_3474310-hq.mp3	ivolipa	Creative Commons 0	https://creativecommons.org/publicdomain/zero/1.0/	29334d9f9d74b2fe63f735ddcbacb1886e48c2874a16cafc7ddaacb3be1affcb	conv6/metal_workshop_short
https://freesound.org/people/ivolipa/sounds/368316	https://cdn.freesound.org/previews/368/368316_3474310-hq.mp3	ivolipa	Creative Commons 0	https://creativecommons.org/publicdomain/zero/1.0/	b0aff8f7099144921f5b2241a07b5a5bce686d0e0dfe3a2d7456a26f466b4200	conv10-list/conv8/strong_waves_short;conv7/strong_waves_short;conv8/strong_waves_short
https://freesound.org/people/jammerboy70/sounds/398640	https://cdn.freesound.org/previews/398/398640_7237125-hq.mp3	jammerboy70	Creative Commons 0	https://creativecommons.org/publicdomain/zero/1.0/	f30228af18845f08f18f6c5c1c0ddbb844ac82fb09e9cafdcbf07ddca5808a71	conv10-list/conv10/techno_loco;conv10/techno_loco;conv9/techno_loco
https://freesound.org/people/jasonlee3071/sounds/719950	https://cdn.freesound.org/previews/719/719950_7413715-hq.mp3	jasonlee3071	Creative Commons 0	https://creativecommons.org/publicdomain/zero/1.0/	113da583b75af4a611f40fd966125a2f13bb4607623f58341357163d85700783	conv10-list/conv10/tabla_percussion;conv10/tabla_percussion
https://freesound.org/people/jeffreylamoureux/sounds/546946	https://cdn.freesound.org/previews/546/546946_2267785-hq.mp3	jeffreylamoureux	Creative Commons 0	https://creativecommons.org/publicdomain/zero/1.0/	b37cfa94cae946bfde046017d3903134d68d69fbd63102b80a70b37a5ab5a5e7	conv10-list/conv10/ambulance_siren;conv10/ambulance_siren;conv9/ambulance_siren
https://freesound.org/people/jeffreylamoureux/sounds/548158	https://cdn.freesound.org/previews/548/548158_2267785-hq.mp3	jeffreylamoureux	Creative Commons 0	https://creativecommons.org/publicdomain/zero/1.0/	ce2e651f35185b29d6073e2c04970fe88da30a246db72f46d327fdb60d4a6d9b	conv10-list/conv10/prospect_drum_circle;conv10/prospect_drum_circle;conv9/prospect_drum_circle
https://freesound.org/people/jmbphilmes/sounds/200270	https://cdn.freesound.org/previews/200/200270_2322692-hq.mp3	jmbphilmes	Creative Commons 0	https://creativecommons.org/publicdomain/zero/1.0/	e984009427aa0567a65249e4070401c74449b2f2735eb6ebf524f7b7be73fdc8	conv4/heavy_rain_a
https://freesound.org/people/keithpeter/sounds/125211	https://cdn.freesound.org/previews/125/125211_1848966-hq.mp3	keithpeter	Creative Commons 0	https://creativecommons.org/publicdomain/zero/1.0/	14ff63b4498613dde2949935ee9d0600d454fbe26315f9b0ffe2b15fada44ce4	conv10-list/conv10/efteling_steam_train;conv10/efteling_steam_train;conv9/efteling_steam_train
https://freesound.org/people/klangfabrik/sounds/461013	https://cdn.freesound.org/previews/461/461013_181941-hq.mp3	klangfabrik	Creative Commons 0	https://creativecommons.org/publicdomain/zero/1.0/	44709d8b2024fe9c4f832b3f27014332ab6b5d4f6040284aa6d25d2361612144	conv4/thunder_rolls
https://freesound.org/people/konradgu/sounds/521226	https://cdn.freesound.org/previews/521/521226_9958472-hq.mp3	konradgu	Creative Commons 0	https://creativecommons.org/publicdomain/zero/1.0/	d0d6aaa55ec2d8b6a90f8d519a3e24c16e96e16b9e66343ecdc9110d2d90db36	conv10-list/conv10/inside_car_wash;conv10/inside_car_wash;conv9/inside_car_wash
https://freesound.org/people/kyles/sounds/406311	https://cdn.freesound.org/previews/406/406311_612689-hq.mp3	kyles	Creative Commons 0	https://creativecommons.org/publicdomain/zero/1.0/	7490d8aa2627f8fe28e3562f10767574930c110ac7984787e3740571347b0ecb	conv1/lagos_market;conv2/lagos_market;conv3/lagos_market
https://freesound.org/people/kyles/sounds/406563	https://cdn.freesound.org/previews/406/406563_612689-hq.mp3	kyles	Creative Commons 0	https://creativecommons.org/publicdomain/zero/1.0/	2f20e3e038f3de5b770aa2dcfb6d0a0655e811aa6c6be9ce667448547fa25021	conv5/hockley_evening;conv9/hockley_evening
https://freesound.org/people/kyles/sounds/407083	https://cdn.freesound.org/previews/407/407083_612689-hq.mp3	kyles	Creative Commons 0	https://creativecommons.org/publicdomain/zero/1.0/	8a7df5965638e4c9e3b1beecf6f57de76defd8f44e8a6f7f1b7b0f43e1060206	conv4/mbale_boulevard
https://freesound.org/people/kyles/sounds/451344	https://cdn.freesound.org/previews/451/451344_612689-hq.mp3	kyles	Creative Commons 0	https://creativecommons.org/publicdomain/zero/1.0/	a763c1c436c87b56bed46b7c38d797af0cfa984974cdc20f3adbd9323960572f	conv1/construction;conv2/construction;conv3/construction
https://freesound.org/people/kyles/sounds/451371	https://cdn.freesound.org/previews/451/451371_612689-hq.mp3	kyles	Creative Commons 0	https://creativecommons.org/publicdomain/zero/1.0/	5804f228fa6580cef72aeab46abec0f372bbea9c7afa9ca1e5c3c09ae3dc0963	conv5/political_speech;conv9/political_speech
https://freesound.org/people/kyles/sounds/451445	https://cdn.freesound.org/previews/451/451445_612689-hq.mp3	kyles	Creative Commons 0	https://creativecommons.org/publicdomain/zero/1.0/	9b259fb24b6bcdc90676db4b20f3cbd4fa6763312f1f90749a185b47b3ea0d26	conv10-list/conv8/ren_faire_short;conv7/ren_faire_short;conv8/ren_faire_short
https://freesound.org/people/kyles/sounds/451453	https://cdn.freesound.org/previews/451/451453_612689-hq.mp3	kyles	Creative Commons 0	https://creativecommons.org/publicdomain/zero/1.0/	60b86fdf75244355f67320f0732c2a4df045b75132af1113fa36a5c86e055109	conv4/beirut_market
https://freesound.org/people/kyles/sounds/452410	https://cdn.freesound.org/previews/452/452410_612689-hq.mp3	kyles	Creative Commons 0	https://creativecommons.org/publicdomain/zero/1.0/	0b21de6529b69b6892393e82dc77677920326010353898eb8081abc6a4c9c746	conv10-list/conv10/madrid_street_accordion;conv10/madrid_street_accordion;conv9/madrid_street_accordion
https://freesound.org/people/kyles/sounds/453774	https://cdn.freesound.org/previews/453/453774_612689-hq.mp3	kyles	Creative Commons 0	https://creativecommons.org/publicdomain/zero/1.0/	f5af0557a3edca98c1e102156fc23da5258f7486194a20076e023303103e0a56	conv10-list/conv8/bowling_short;conv7/bowling_short;conv8/bowling_short
https://freesound.org/people/kyles/sounds/453868	https://cdn.freesound.org/previews/453/453868_612689-hq.mp3	kyles	Creative Commons 0	https://creativecommons.org/publicdomain/zero/1.0/	b0acfd0478ac66a4fa2e7b4c2eb23cf2bfc529d498e779f89545b086aa7e4d0a	conv10-list/conv10/montreal_bagpipe_parade;conv10/montreal_bagpipe_parade;conv9/montreal_bagpipe_parade
https://freesound.org/people/kyles/sounds/454406	https://cdn.freesound.org/previews/454/454406_612689-hq.mp3	kyles	Creative Commons 0	https://creativecommons.org/publicdomain/zero/1.0/	e3b8ed13aa8937fe262ef591dc9b244830ff985aeb942d93d64e0f8ffc8ae239	conv6/kitchen_washing_dishes;conv9/kitchen_washing_dishes
https://freesound.org/people/kyles/sounds/455677	https://cdn.freesound.org/previews/455/455677_612689-hq.mp3	kyles	Creative Commons 0	https://creativecommons.org/publicdomain/zero/1.0/	d93bff3cbdc806649faca1f9ef655f8a25a763a0fdf1aa69adc182ee3e0b78cb	conv10-list/conv8/church_bell_short;conv7/church_bell_short;conv8/church_bell_short
https://freesound.org/people/kyles/sounds/629843	https://cdn.freesound.org/previews/629/629843_612689-hq.mp3	kyles	Creative Commons 0	https://creativecommons.org/publicdomain/zero/1.0/	4db14a8d37e0e9b2162b7925333b96bdb51a6dab39cfdc55e0caca0cd5580c42	conv10-list/conv10/marching_band;conv10/marching_band;conv9/marching_band
https://freesound.org/people/kyles/sounds/629881	https://cdn.freesound.org/previews/629/629881_612689-hq.mp3	kyles	Creative Commons 0	https://creativecommons.org/publicdomain/zero/1.0/	c31a896367e5d3d8a64039b764d95694dd711cfb6f1ec684eb3a9ffff3a5b270	conv6/sinulog_festival
https://freesound.org/people/kyles/sounds/629884	https://cdn.freesound.org/previews/629/629884_612689-hq.mp3	kyles	Creative Commons 0	https://creativecommons.org/publicdomain/zero/1.0/	206f5499f705b9251c7f74a11a00eca6f95d472c7dd4227c85007e45c6a95e1e	conv5/arrowhead_stadium
https://freesound.org/people/kyles/sounds/629886	https://cdn.freesound.org/previews/629/629886_612689-hq.mp3	kyles	Creative Commons 0	https://creativecommons.org/publicdomain/zero/1.0/	741c24dfe750c862937b520c525d630239243c5dbd483c1ebc5d0ae27c6d7e88	conv6/ren_faire_ambient
https://freesound.org/people/kyles/sounds/629930	https://cdn.freesound.org/previews/629/629930_612689-hq.mp3	kyles	Creative Commons 0	https://creativecommons.org/publicdomain/zero/1.0/	0a9bb4fd820aeeab999ee8ee505ca25229a65e7c381472cfcc53484c59dce415	conv10-list/conv10/taiko_drummers;conv10/taiko_drummers;conv9/taiko_drummers
https://freesound.org/people/kyles/sounds/635604	https://cdn.freesound.org/previews/635/635604_612689-hq.mp3	kyles	Creative Commons 0	https://creativecommons.org/publicdomain/zero/1.0/	b0b0f0e05de305e69eb90df7cd1d64b4713bef6efcda064c4841273ae8add07e	conv6/metal_workshop_quebec;conv9/metal_workshop_quebec
https://freesound.org/people/kyles/sounds/635608	https://cdn.freesound.org/previews/635/635608_612689-hq.mp3	kyles	Creative Commons 0	https://creativecommons.org/publicdomain/zero/1.0/	a931d4049f497f90fc22b5ed7a58c21eae7b458865969a3642b6b5326789dfd5	conv10-list/conv8/metal_workshop_long;conv7/metal_workshop_long;conv8/metal_workshop_long
https://freesound.org/people/kyles/sounds/637767	https://cdn.freesound.org/previews/637/637767_612689-hq.mp3	kyles	Creative Commons 0	https://creativecommons.org/publicdomain/zero/1.0/	15ab20e9026684984c34e0f2cd7f0b47da46f231993b60378e51440362a02395	conv10-list/conv8/printing_rhythm_short;conv7/printing_rhythm_short;conv8/printing_rhythm_short
https://freesound.org/people/kyles/sounds/637860	https://cdn.freesound.org/previews/637/637860_612689-hq.mp3	kyles	Creative Commons 0	https://creativecommons.org/publicdomain/zero/1.0/	544e3216d0b57d384ac10377471f20a3748f76763036ec380578e4245a7e8474	conv10-list/conv10/delhi_subway_cycle;conv10/delhi_subway_cycle;conv9/delhi_subway_cycle
https://freesound.org/people/laboratoriosonoridades2022/sounds/673805	https://cdn.freesound.org/previews/673/673805_14577615-hq.mp3	laboratoriosonoridades2022	Creative Commons 0	https://creativecommons.org/publicdomain/zero/1.0/	7a11469d204b87530f383f2ff3c170a6a5ea32262c4d4bae2417cc5554d2adcf	conv10-list/conv10/tractor_turning_hay;conv10/tractor_turning_hay;conv9/tractor_turning_hay
https://freesound.org/people/lastraindrop/sounds/720507	https://cdn.freesound.org/previews/720/720507_12768873-hq.mp3	lastraindrop	Creative Commons 0	https://creativecommons.org/publicdomain/zero/1.0/	a90dcb31460da898f08e6545b31d20eac120f4b7a4322708ac28293d012c3d69	conv4/food_commercial_street
https://freesound.org/people/lastraindrop/sounds/728160	https://cdn.freesound.org/previews/728/728160_12768873-hq.mp3	lastraindrop	Creative Commons 0	https://creativecommons.org/publicdomain/zero/1.0/	22882e9f5df40f8ca446f8fa3c8f01b63c112baef67ba933b8de483ecce3b852	conv4/new_year_pedestrian;conv9/new_year_pedestrian
https://freesound.org/people/lauramellis/sounds/271443	https://cdn.freesound.org/previews/271/271443_672090-hq.mp3	lauramellis	Creative Commons 0	https://creativecommons.org/publicdomain/zero/1.0/	06431942506ebc8bb4f8b350be1e8d6857a5024d7690c40f1412a1f1649dd3f7	conv10-list/conv8/fast_food_long;conv7/fast_food_long;conv8/fast_food_long
https://freesound.org/people/logant547/sounds/677736	https://cdn.freesound.org/previews/677/677736_14767014-hq.mp3	logant547	Creative Commons 0	https://creativecommons.org/publicdomain/zero/1.0/	d8c798c3a26e04747a09fae0e765a47c168c33f37f9ace6981f2f188eb7f6bdf	conv6/transformer_buzz
https://freesound.org/people/lurpsis/sounds/444127	https://cdn.freesound.org/previews/444/444127_1744434-hq.mp3	lurpsis	Creative Commons 0	https://creativecommons.org/publicdomain/zero/1.0/	c14945620fd6ca15154fb26c08c10cf424ec3da590b5aa56873d8d39ba202125	conv10-list/conv8/fireplace_long;conv7/fireplace_long;conv8/fireplace_long
https://freesound.org/people/m_colon_o/sounds/15376	https://cdn.freesound.org/previews/15/15376_46387-hq.mp3	m_colon_o	Creative Commons 0	https://creativecommons.org/publicdomain/zero/1.0/	9058aeae2a8ba837bdb23ce110867ab51667dfb4f33aea33ce8bd65dc2c874ab	conv5/bush_oppression
https://freesound.org/people/manuke/sounds/315885	https://cdn.freesound.org/previews/315/315885_5356267-hq.mp3	manuke	Creative Commons 0	https://creativecommons.org/publicdomain/zero/1.0/	7fc78af931d601f6d1a3ad13c4612504cbac05b73158bab9ebc49214efffca4a	conv10-list/conv10/seoul_sanchon_drum;conv10/seoul_sanchon_drum;conv9/seoul_sanchon_drum
https://freesound.org/people/markystar/sounds/79087	https://cdn.freesound.org/previews/79/79087_384438-hq.mp3	markystar	Creative Commons 0	https://creativecommons.org/publicdomain/zero/1.0/	db113ed474f46c7e32fd8ffe1cfc6a12778ed956d06fca9cc4d86dde3492b7fb	conv6/casino_ambience
https://freesound.org/people/markystar/sounds/79088	https://cdn.freesound.org/previews/79/79088_384438-hq.mp3	markystar	Creative Commons 0	https://creativecommons.org/publicdomain/zero/1.0/	aae56e3752c149be8aa35be2555bf7e273a9bdcfa2b7d6498f5c99d296815efe	conv10-list/conv8/pachinko_short;conv7/pachinko_short;conv8/pachinko_short
https://freesound.org/people/martialway47/sounds/259719	https://cdn.freesound.org/previews/259/259719_3256671-hq.mp3	martialway47	Creative Commons 0	https://creativecommons.org/publicdomain/zero/1.0/	6d00f628eed3b304a7d056697c463dddda6ed667a2413424c2abd70ec2f0febb	conv10-list/conv8/casino_floor_long;conv7/casino_floor_long;conv8/casino_floor_long;conv9/casino_floor_long
https://freesound.org/people/meetvasude1/sounds/719054	https://cdn.freesound.org/previews/719/719054_14976713-hq.mp3	meetvasude1	Creative Commons 0	https://creativecommons.org/publicdomain/zero/1.0/	bb2d3400605e59f305caf378961e9c4ea675440f18702e065b30742feae953a3	conv10-list/conv8/school_canteen_short;conv7/school_canteen_short;conv8/school_canteen_short
https://freesound.org/people/melarancida/sounds/48408	https://cdn.freesound.org/previews/48/48408_481778-hq.mp3	melarancida	Creative Commons 0	https://creativecommons.org/publicdomain/zero/1.0/	6b1ca96fc0de6fb469fc7ed98e77567f9d4dc474c66a695642ec19d3caaaa53e	conv10-list/conv8/underwater_river_long;conv7/underwater_river_long;conv8/underwater_river_long
https://freesound.org/people/merkahz/sounds/372072	https://cdn.freesound.org/previews/372/372072_6936160-hq.mp3	merkahz	Creative Commons 0	https://creativecommons.org/publicdomain/zero/1.0/	ae31c5a67f08dfb45b7a63b2687978fb3f076d830141af2c60bc61623bef0034	conv4/sad_huqin
https://freesound.org/people/mhtaylor67/sounds/238718	https://cdn.freesound.org/previews/238/238718_2258946-hq.mp3	mhtaylor67	Creative Commons 0	https://creativecommons.org/publicdomain/zero/1.0/	3b3017d947dbeb7d17ef9ac8ca1f110f0cec05c167abc0d154154be2aa97526c	conv4/san_francisco_street
https://freesound.org/people/mhtaylor67/sounds/277444	https://cdn.freesound.org/previews/277/277444_2258946-hq.mp3	mhtaylor67	Creative Commons 0	https://creativecommons.org/publicdomain/zero/1.0/	042a71cd545694a7238fc25338b74c04d587b71910b484611f8200a59b5db704	conv6/phoenix_casino_floor
https://freesound.org/people/moviebuffgavin/sounds/398078	https://cdn.freesound.org/previews/398/398078_6028322-hq.mp3	moviebuffgavin	Creative Commons 0	https://creativecommons.org/publicdomain/zero/1.0/	40cae41d8175cf222c7b5ee44b75f14a36b48cffc814ad72fd063a690d76da85	conv10-list/conv8/bowling_room_long;conv7/bowling_room_long;conv8/bowling_room_long;conv9/bowling_room_long
https://freesound.org/people/mr101986/sounds/94713	https://cdn.freesound.org/previews/94/94713_1123351-hq.mp3	mr101986	Creative Commons 0	https://creativecommons.org/publicdomain/zero/1.0/	7336789cfc373c9d1494350b9e969cd5ebfc54ac8f9f2ee03c486a43a44b9c7b	conv6/printing_press_room
https://freesound.org/people/mrrap4food/sounds/619058	https://cdn.freesound.org/previews/619/619058_781461-hq.mp3	mrrap4food	Creative Commons 0	https://creativecommons.org/publicdomain/zero/1.0/	ccb8a4ac22c08343872f7f81d9e355fcf77e58b1658dea4a847f4bec1fa310c4	conv6/river_marina
https://freesound.org/people/n2fgc/sounds/342239	https://cdn.freesound.org/previews/342/342239_3631953-hq.mp3	n2fgc	Creative Commons 0	https://creativecommons.org/publicdomain/zero/1.0/	ad2a8ec4e630d3eb8d926ed9b2e0fb71ec7b07703c288236d0cc06dca5a2ab5c	conv10-list/conv10/hail_thunder;conv10/hail_thunder;conv9/hail_thunder
https://freesound.org/people/nakkivene66/sounds/583363	https://cdn.freesound.org/previews/583/583363_6985703-hq.mp3	nakkivene66	Creative Commons 0	https://creativecommons.org/publicdomain/zero/1.0/	f1c10fe351347180a1db726b0c593b2c471ce6fcf8a617c48c979176d65a651c	conv6/shortwave_static_beeps
https://freesound.org/people/nakkivene66/sounds/583364	https://cdn.freesound.org/previews/583/583364_6985703-hq.mp3	nakkivene66	Creative Commons 0	https://creativecommons.org/publicdomain/zero/1.0/	ad33376728b08be40ccdf29402e63a5ac7b27b31ed563fdff97e71d56f3e81a2	conv10-list/conv8/shortwave_tones_long;conv7/shortwave_tones_long;conv8/shortwave_tones_long
https://freesound.org/people/neilraouf/sounds/424354	https://cdn.freesound.org/previews/424/424354_2639035-hq.mp3	neilraouf	Creative Commons 0	https://creativecommons.org/publicdomain/zero/1.0/	69b15389621633176038d50939d5a5f2512bb84e5322edef09d2ad7c9737b718	conv5/soccer_audience;conv9/soccer_audience
https://freesound.org/people/nick121087/sounds/234317	https://cdn.freesound.org/previews/234/234317_3840537-hq.mp3	nick121087	Creative Commons 0	https://creativecommons.org/publicdomain/zero/1.0/	54b51face315408de064a2b69c7d39cf86f9664bfd5c58c49e30c6019fbf4f70	conv5/rain_ambience
https://freesound.org/people/nickmaysoundmusic/sounds/460119	https://cdn.freesound.org/previews/460/460119_1287465-hq.mp3	nickmaysoundmusic	Creative Commons 0	https://creativecommons.org/publicdomain/zero/1.0/	dd33b1026c62277121203ed4c5290fec96b5d0f5e103f24291142680c3e069a1	conv10-list/conv8/arcade_walkaround_short;conv7/arcade_walkaround_short;conv8/arcade_walkaround_short
https://freesound.org/people/nicoproson/sounds/642774	https://cdn.freesound.org/previews/642/642774_457982-hq.mp3	nicoproson	Creative Commons 0	https://creativecommons.org/publicdomain/zero/1.0/	a5f6014b5a440c7436b0371f0750e9fa919099461679b05df223ba46fad24c17	conv10-list/conv8/river_rapids_short;conv6/gull_river_rapids
https://freesound.org/people/nicotep/sounds/547900	https://cdn.freesound.org/previews/547/547900_7529214-hq.mp3	nicotep	Creative Commons 0	https://creativecommons.org/publicdomain/zero/1.0/	298993e43b6ec7e8e02b73fd677198ed9cd7f74e241a3af5c74cae38affba5ee	conv10-list/conv8/substation_room_long;conv7/substation_room_long;conv8/substation_room_long
https://freesound.org/people/nthnh/sounds/485855	https://cdn.freesound.org/previews/485/485855_5114707-hq.mp3	nthnh	Creative Commons 0	https://creativecommons.org/publicdomain/zero/1.0/	282821dcf611313a943453d4814ee59c065679ebbff737e450bce54701899a3b	conv10-list/conv10/electric_mbira;conv10/electric_mbira;conv9/electric_mbira
https://freesound.org/people/outerandeventhorizon/sounds/488808	https://cdn.freesound.org/previews/488/488808_8897454-hq.mp3	outerandeventhorizon	Creative Commons 0	https://creativecommons.org/publicdomain/zero/1.0/	24b54016971e38cfe46aa91bac823c494d2d7dd72d71f3a4d6c2bffce75cbed9	conv4/drumland_ambient
https://freesound.org/people/p_ano/sounds/200415	https://cdn.freesound.org/previews/200/200415_8936-hq.mp3	p_ano	Creative Commons 0	https://creativecommons.org/publicdomain/zero/1.0/	b6f98ec2000300dac22b7e173c7a6f62c06e55be1307d28936eb0ca31088425e	conv10-list/conv10/toy_piano_breakdown;conv10/toy_piano_breakdown
https://freesound.org/people/phonoflora/sounds/500141	https://cdn.freesound.org/previews/500/500141_401348-hq.mp3	phonoflora	Creative Commons 0	https://creativecommons.org/publicdomain/zero/1.0/	f7ae564cf7afa55c891d68d41c74ce4195cd9f60ff9dc3ee066fd9fb37e0cd0f	conv9/fusion_flamenco
https://freesound.org/people/pillonoise/sounds/353199	https://cdn.freesound.org/previews/353/353199_2120176-hq.mp3	pillonoise	Creative Commons 0	https://creativecommons.org/publicdomain/zero/1.0/	60b7585c75003fef31451d03d2fe56d5753fda34f4f53db76999dc482a4ce55a	conv6/inside_beehive
https://freesound.org/people/plasterbrain/sounds/242862	https://cdn.freesound.org/previews/242/242862_4284968-hq.mp3	plasterbrain	Creative Commons 0	https://creativecommons.org/publicdomain/zero/1.0/	4e25f42107dba6fd6a7bfb4f49071c7e17c196e35ed28e903d5b3c9704f94f1b	conv5/bosnian_announcer
https://freesound.org/people/pulswelle/sounds/477556	https://cdn.freesound.org/previews/477/477556_2367966-hq.mp3	pulswelle	Creative Commons 0	https://creativecommons.org/publicdomain/zero/1.0/	77e0848e7cfe12dad4a89f3d30e5377c160f78e1532ef71a6bc5ca5cf2f90706	conv5/french_rainstorm;conv9/french_rainstorm
https://freesound.org/people/rambler52/sounds/399039	https://cdn.freesound.org/previews/399/399039_2291385-hq.mp3	rambler52	Creative Commons 0	https://creativecommons.org/publicdomain/zero/1.0/	20047c0d50983c8d79e0f13160733a6100e31a7461c5d93d160b5318325da018	conv10-list/conv10/big_band_warmup;conv10/big_band_warmup;conv9/big_band_warmup
https://freesound.org/people/richwise/sounds/361401	https://cdn.freesound.org/previews/361/361401_1481531-hq.mp3	richwise	Creative Commons 0	https://creativecommons.org/publicdomain/zero/1.0/	10cca7614843dd9068b085ca7ca36d097cdc837bd531d5aff8a134d2c5603706	conv4/distant_thunder
https://freesound.org/people/richwise/sounds/440628	https://cdn.freesound.org/previews/440/440628_1481531-hq.mp3	richwise	Creative Commons 0	https://creativecommons.org/publicdomain/zero/1.0/	14245d519ed03ffe131bb46a26ef4aa55bcac446facf98c3e847dd1c822b006b	conv10-list/conv10/ferry_alarm;conv10/ferry_alarm;conv9/ferry_alarm
https://freesound.org/people/richwise/sounds/466241	https://cdn.freesound.org/previews/466/466241_1481531-hq.mp3	richwise	Creative Commons 0	https://creativecommons.org/publicdomain/zero/1.0/	661b3a13cb650381710e50be8393f423294eead35d18efd393e66efaef5c50e8	conv5/bitumen_roof_rain;conv9/bitumen_roof_rain
https://freesound.org/people/rodincoil/sounds/317470	https://cdn.freesound.org/previews/317/317470_4709749-hq.mp3	rodincoil	Creative Commons 0	https://creativecommons.org/publicdomain/zero/1.0/	67ed71c20d9f993fc713b934872759ab5a5ff605fd5ee7e5ddb7ff7550b977c1	conv5/bolt_200_metres;conv9/bolt_200_metres
https://freesound.org/people/rucisko/sounds/462494	https://cdn.freesound.org/previews/462/462494_2978883-hq.mp3	rucisko	Creative Commons 0	https://creativecommons.org/publicdomain/zero/1.0/	4d734b2d34ee71a05768e12203c9be1310c423bb32ed9d7ae2ed82c5315de2aa	conv5/madrid_puerta_sol
https://freesound.org/people/rucisko/sounds/462734	https://cdn.freesound.org/previews/462/462734_2978883-hq.mp3	rucisko	Creative Commons 0	https://creativecommons.org/publicdomain/zero/1.0/	0f2e0714bc1a9b02529a532d3b68e43ed9334ad4bb7caa6e2ec4349254dc3caf	conv5/cairo_ramadan_night
https://freesound.org/people/ruthdt98/sounds/408307	https://cdn.freesound.org/previews/408/408307_7118579-hq.mp3	ruthdt98	Creative Commons 0	https://creativecommons.org/publicdomain/zero/1.0/	113c5ee4bb83495e5d513ac5ec0747bff8b69539ed31693db5dc01c990aac985	conv6/laundromat_ambience
https://freesound.org/people/sbvitug/sounds/634225	https://cdn.freesound.org/previews/634/634225_13988658-hq.mp3	sbvitug	Creative Commons 0	https://creativecommons.org/publicdomain/zero/1.0/	08c1efeae4cffd5db4b6c4dd51b7818762d79055f71bc8ebd2411ea127c3f8a5	conv10-list/conv10/scuba_bubbles;conv10/scuba_bubbles;conv9/scuba_bubbles
https://freesound.org/people/schafferdavid/sounds/190951	https://cdn.freesound.org/previews/190/190951_98337-hq.mp3	schafferdavid	Creative Commons 0	https://creativecommons.org/publicdomain/zero/1.0/	70cceaf3b70f104a9ecfda7e437ce50c0960f8c67a783e3dc5b7d82a0b7f34e8	conv10-list/conv10/opera_rehearsal;conv10/opera_rehearsal
https://freesound.org/people/schafferdavid/sounds/212588	https://cdn.freesound.org/previews/212/212588_98337-hq.mp3	schafferdavid	Creative Commons 0	https://creativecommons.org/publicdomain/zero/1.0/	8b9f0c17b1518893631a2d5d87020f09cd9c50683febd778562369acf28379e0	conv4/tourists_downtown
https://freesound.org/people/secretsurname/sounds/639283	https://cdn.freesound.org/previews/639/639283_10659986-hq.mp3	secretsurname	Creative Commons 0	https://creativecommons.org/publicdomain/zero/1.0/	0b747953d81dda6fcc0a925666facbe0c23da04309c39bba335e28fc7aa4c852	conv5/syracuse_dome
https://freesound.org/people/senorstudy/sounds/172649	https://cdn.freesound.org/previews/172/172649_2262806-hq.mp3	senorstudy	Creative Commons 0	https://creativecommons.org/publicdomain/zero/1.0/	705c74284b433c715dc64c9758fa99112c5123065722b72f19d465ac819e59cc	conv10-list/conv10/helicopter_takeoff;conv10/helicopter_takeoff;conv9/helicopter_takeoff
https://freesound.org/people/shelbyshark/sounds/501172	https://cdn.freesound.org/previews/501/501172_8644110-hq.mp3	shelbyshark	Creative Commons 0	https://creativecommons.org/publicdomain/zero/1.0/	1e60f429be99ac25a080c0cedf37e3b3606ecc197635275c8fad1fa549d27233	conv10-list/conv8/metal_grinder_short;conv7/metal_grinder_short;conv8/metal_grinder_short
https://freesound.org/people/sonically_sound/sounds/625112	https://cdn.freesound.org/previews/625/625112_12946258-hq.mp3	sonically_sound	Creative Commons 0	https://creativecommons.org/publicdomain/zero/1.0/	a0888505325f82c833996da81cd9c66c05a2d606090f9cb4db946c15d7577f39	conv6/high_school_canteen;conv9/high_school_canteen
https://freesound.org/people/soundguy103/sounds/642771	https://cdn.freesound.org/previews/642/642771_14153089-hq.mp3	soundguy103	Creative Commons 0	https://creativecommons.org/publicdomain/zero/1.0/	f7afe59b348018f2d1ab8f0b3fe6c2590c315f117da2fa77583d9cdfacc2ac59	conv9/handpan_pulse
https://freesound.org/people/steeltowngaming/sounds/537761	https://cdn.freesound.org/previews/537/537761_11976230-hq.mp3	steeltowngaming	Creative Commons 0	https://creativecommons.org/publicdomain/zero/1.0/	8881e884d9ec1e2955b4defe011924c36b78c1930f6174f68ed127c594e5d45c	conv6/school_cafeteria
https://freesound.org/people/syntheffects/sounds/566523	https://cdn.freesound.org/previews/566/566523_12265588-hq.mp3	syntheffects	Creative Commons 0	https://creativecommons.org/publicdomain/zero/1.0/	700fa86996998110e1b233295b1ac54bd0d78c11465f4be8b3389b6f2358b980	conv5/nostalgic_synth
https://freesound.org/people/szegvari/sounds/555205	https://cdn.freesound.org/previews/555/555205_2282212-hq.mp3	szegvari	Creative Commons 0	https://creativecommons.org/publicdomain/zero/1.0/	7b4b31536ec319ddaa19b77f3cc23ad582f6c00ff77e832ae3dcd495d8f3db13	conv4/peaceful_fantasy
https://freesound.org/people/szegvari/sounds/580455	https://cdn.freesound.org/previews/580/580455_2282212-hq.mp3	szegvari	Creative Commons 0	https://creativecommons.org/publicdomain/zero/1.0/	d88fb9ba6c2417b36fd073c3514aabc9783d8b2572f1d4df0ebb46dc7672da8c	conv5/factory_atmo
https://freesound.org/people/szegvari/sounds/580633	https://cdn.freesound.org/previews/580/580633_2282212-hq.mp3	szegvari	Creative Commons 0	https://creativecommons.org/publicdomain/zero/1.0/	606091eeafaa21ae56aea0e8f74b4f2313a93d2499eba8b42fcec9142b65387e	conv5/steampunk_factory
https://freesound.org/people/szegvari/sounds/608731	https://cdn.freesound.org/previews/608/608731_2282212-hq.mp3	szegvari	Creative Commons 0	https://creativecommons.org/publicdomain/zero/1.0/	f94a5fdce5870d4f045ad35ecca0497a3a29ce70608a4dc27406a45d0b472d97	conv4/night_relax
https://freesound.org/people/szegvari/sounds/612645	https://cdn.freesound.org/previews/612/612645_2282212-hq.mp3	szegvari	Creative Commons 0	https://creativecommons.org/publicdomain/zero/1.0/	fc20c775f9fdbfdf61e38742f71ca310074917861538279152ba9f5d2749e642	conv4/long_ride_back
https://freesound.org/people/tamark27/sounds/537082	https://cdn.freesound.org/previews/537/537082_10613827-hq.mp3	tamark27	Creative Commons 0	https://creativecommons.org/publicdomain/zero/1.0/	0c4927cff7ce319daa301863666ec09449edbb83f6d814c848e7c10be406eb99	conv1/children_park;conv2/children_park;conv3/children_park
https://freesound.org/people/thefilmbakery/sounds/137721	https://cdn.freesound.org/previews/137/137721_977564-hq.mp3	thefilmbakery	Creative Commons 0	https://creativecommons.org/publicdomain/zero/1.0/	949a1f8fbd17766c61af16806b8c9db1ca48c8ebdffc6b681a42774f3501d135	conv10-list/conv8/cruise_boat_short;conv7/cruise_boat_short;conv8/cruise_boat_short
https://freesound.org/people/thefilmbakery/sounds/137836	https://cdn.freesound.org/previews/137/137836_977564-hq.mp3	thefilmbakery	Creative Commons 0	https://creativecommons.org/publicdomain/zero/1.0/	fdd18eaffe9bc32d0c69217f38b58c8541adfee483ad4d441845ee98e1e2d388	conv10-list/conv10/finnish_blacksmith;conv10/finnish_blacksmith;conv9/finnish_blacksmith
https://freesound.org/people/timmyg62/sounds/328623	https://cdn.freesound.org/previews/328/328623_5649321-hq.mp3	timmyg62	Creative Commons 0	https://creativecommons.org/publicdomain/zero/1.0/	1a269ebddbd7eb6c5ca0d6c110768a5403e20a013da4ba4d6d602cd6428fc7c2	conv5/college_football
https://freesound.org/people/toban/sounds/613572	https://cdn.freesound.org/previews/613/613572_3016740-hq.mp3	toban	Creative Commons 0	https://creativecommons.org/publicdomain/zero/1.0/	57f46597500f769cfe03d999c9e0aa0e2cefd900371e8cae12a400e96dac55fd	conv6/shoreline_ice;conv9/shoreline_ice
https://freesound.org/people/trezz77/sounds/546934	https://cdn.freesound.org/previews/546/546934_5637404-hq.mp3	trezz77	Creative Commons 0	https://creativecommons.org/publicdomain/zero/1.0/	2f20874e68f94c1f234e65cc4153b03aa969cbd7be10616df6f049ec079e1cc6	conv10-list/conv8/beehive_long;conv7/beehive_long;conv8/beehive_long
https://freesound.org/people/trubalesk/sounds/651234	https://cdn.freesound.org/previews/651/651234_14238989-hq.mp3	trubalesk	Creative Commons 0	https://creativecommons.org/publicdomain/zero/1.0/	7d230e310579e56b31da68ba515c815016415436b34142a6601dc32d1e81b297	conv6/ocean_breakwater
https://freesound.org/people/tubbers/sounds/211870	https://cdn.freesound.org/previews/211/211870_2454147-hq.mp3	tubbers	Creative Commons 0	https://creativecommons.org/publicdomain/zero/1.0/	2519c40652f52b495cc6321a27160af639cbfe8cee3d72c82ca52c6dfc971ba0	conv1/airplane_vortex;conv2/airplane_vortex;conv3/airplane_vortex
https://freesound.org/people/tyballer92/sounds/449812	https://cdn.freesound.org/previews/449/449812_1696610-hq.mp3	tyballer92	Creative Commons 0	https://creativecommons.org/publicdomain/zero/1.0/	aafc5141d0db9eee3ba4b01e33dcc2491d11e24f3929b13649e138a2316ade1a	conv4/peaceful_ambiance
https://freesound.org/people/unfa/sounds/209315	https://cdn.freesound.org/previews/209/209315_1038806-hq.mp3	unfa	Creative Commons 0	https://creativecommons.org/publicdomain/zero/1.0/	35be2db1ebb90a2576221895181adfebc5c27988fb08cd233dc233d5ae9f0f8d	conv4/solar_fi
https://freesound.org/people/unfa/sounds/211146	https://cdn.freesound.org/previews/211/211146_1038806-hq.mp3	unfa	Creative Commons 0	https://creativecommons.org/publicdomain/zero/1.0/	a789466faf6691b2c9999b7be3c8f5a2c6d258d6f382b038b218ebea520e1b26	conv1/nasa_walkout;conv2/nasa_walkout;conv3/nasa_walkout
https://freesound.org/people/unfa/sounds/213242	https://cdn.freesound.org/previews/213/213242_1038806-hq.mp3	unfa	Creative Commons 0	https://creativecommons.org/publicdomain/zero/1.0/	cd3da24be14d77e66486803f1bd4415a8c0b43a35d35631ddc9b17a2768ac849	conv5/january_instrumental
https://freesound.org/people/uniuniversal/sounds/620007	https://cdn.freesound.org/previews/620/620007_13601611-hq.mp3	uniuniversal	Creative Commons 0	https://creativecommons.org/publicdomain/zero/1.0/	b695456d9ab2d6ea005b4ac227469c7e26ae24fb29ff13ebe60bddf164184644	conv6/wood_firestove;conv9/wood_firestove
https://freesound.org/people/vhio/sounds/790541	https://cdn.freesound.org/previews/790/790541_15774433-hq.mp3	vhio	Creative Commons 0	https://creativecommons.org/publicdomain/zero/1.0/	c4ba3838bcc122b194f6dd64eccbe5815d484c45f3b4867f2c1afcd061793e69	conv10-list/conv8/water_under_ice_long;conv7/water_under_ice_long;conv8/water_under_ice_long
https://freesound.org/people/wesleywestmusic/sounds/680664	https://cdn.freesound.org/previews/680/680664_14164674-hq.mp3	wesleywestmusic	Creative Commons 0	https://creativecommons.org/publicdomain/zero/1.0/	9fd1b43b3ee195d81704f0e062c9d3c5be8ced513902044249d58cafe5058adf	conv6/airport_terminal
https://freesound.org/people/whereareyousimon/sounds/534489	https://cdn.freesound.org/previews/534/534489_510689-hq.mp3	whereareyousimon	Creative Commons 0	https://creativecommons.org/publicdomain/zero/1.0/	f52454ee37e0376b51f154aaad65b2e09ece06c24ba89cbd7abba4c3e6e19dd7	conv10-list/conv8/super_arcade_long;conv7/super_arcade_long;conv8/super_arcade_long
https://freesound.org/people/wjoojoo/sounds/248121	https://cdn.freesound.org/previews/248/248121_93137-hq.mp3	wjoojoo	Creative Commons 0	https://creativecommons.org/publicdomain/zero/1.0/	49ac233a44e1f0b9c089a4da5c9f2e0818b8fcc2dc3ac678763fad03592b1b04	conv4/lightning_field
https://freesound.org/people/wwstudioswastaken/sounds/613591	https://cdn.freesound.org/previews/613/613591_13582756-hq.mp3	wwstudioswastaken	Creative Commons 0	https://creativecommons.org/publicdomain/zero/1.0/	2956b651e7271828d622528c85f0a6b9c94e6ceccc8f5f2dfc71278e38f271a3	conv10-list/conv8/burning_fire_short;conv7/burning_fire_short;conv8/burning_fire_short
https://freesound.org/people/zmobie/sounds/257880	https://cdn.freesound.org/previews/257/257880_3262745-hq.mp3	zmobie	Creative Commons 0	https://creativecommons.org/publicdomain/zero/1.0/	75deca6beaf94c18b084b9971ad6df248efbeb4937750d33f1741ef3ca88706d	conv10-list/conv8/shortwave_noise_short;conv7/shortwave_noise_short;conv8/shortwave_noise_short
